solid OpenSCAD_Model
  facet normal -0 0 -1
    outer loop
      vertex -47.6 40.2002 0
      vertex -48.25 39.8971 0
      vertex -47.6 44 0
    endloop
  endfacet
  facet normal -0 0 -1
    outer loop
      vertex 44.4 40.2002 0
      vertex 43.75 39.8971 0
      vertex 44.4 44 0
    endloop
  endfacet
  facet normal 0 0 -1
    outer loop
      vertex 84 -58.5 0
      vertex 88 -54.5 0
      vertex 87.9392 -55.1946 0
    endloop
  endfacet
  facet normal 0 0 -1
    outer loop
      vertex 88 -54.5 0
      vertex 49.4472 33.1075 0
      vertex 88 54.5 0
    endloop
  endfacet
  facet normal 0 0 -1
    outer loop
      vertex 84 -58.5 0
      vertex 87.9392 -55.1946 0
      vertex 87.7588 -55.8681 0
    endloop
  endfacet
  facet normal 0 -0 -1
    outer loop
      vertex 49.8971 33.75 0
      vertex 88 54.5 0
      vertex 49.4472 33.1075 0
    endloop
  endfacet
  facet normal 0 0 -1
    outer loop
      vertex 84 -58.5 0
      vertex 87.7588 -55.8681 0
      vertex 87.4641 -56.5 0
    endloop
  endfacet
  facet normal 0 -0 -1
    outer loop
      vertex 50.2286 34.4609 0
      vertex 88 54.5 0
      vertex 49.8971 33.75 0
    endloop
  endfacet
  facet normal 0 0 -1
    outer loop
      vertex 84 -58.5 0
      vertex 87.4641 -56.5 0
      vertex 87.0642 -57.0712 0
    endloop
  endfacet
  facet normal 0 -0 -1
    outer loop
      vertex 50.4316 35.2186 0
      vertex 88 54.5 0
      vertex 50.2286 34.4609 0
    endloop
  endfacet
  facet normal 0 0 -1
    outer loop
      vertex 84 -58.5 0
      vertex 87.0642 -57.0712 0
      vertex 86.5712 -57.5642 0
    endloop
  endfacet
  facet normal 0 0 -1
    outer loop
      vertex 50.4316 36.7814 0
      vertex 88 54.5 0
      vertex 50.5 36 0
    endloop
  endfacet
  facet normal 0 0 -1
    outer loop
      vertex 84 -58.5 0
      vertex 86.5712 -57.5642 0
      vertex 86 -57.9641 0
    endloop
  endfacet
  facet normal 0 -0 -1
    outer loop
      vertex 84 58.5 0
      vertex 88 54.5 0
      vertex 50.4316 36.7814 0
    endloop
  endfacet
  facet normal 0 0 -1
    outer loop
      vertex 84 -58.5 0
      vertex 86 -57.9641 0
      vertex 85.3681 -58.2588 0
    endloop
  endfacet
  facet normal 0 0 -1
    outer loop
      vertex 88 54.5 0
      vertex 84 58.5 0
      vertex 87.9392 55.1946 0
    endloop
  endfacet
  facet normal 0 0 -1
    outer loop
      vertex 84 -58.5 0
      vertex 85.3681 -58.2588 0
      vertex 84.6946 -58.4392 0
    endloop
  endfacet
  facet normal 0 0 -1
    outer loop
      vertex 87.7588 55.8681 0
      vertex 84 58.5 0
      vertex 87.4641 56.5 0
    endloop
  endfacet
  facet normal 0 0 -1
    outer loop
      vertex 46 31.5 0
      vertex 88 -54.5 0
      vertex 84 -58.5 0
    endloop
  endfacet
  facet normal 0 0 -1
    outer loop
      vertex 87.4641 56.5 0
      vertex 84 58.5 0
      vertex 87.0642 57.0712 0
    endloop
  endfacet
  facet normal 0 0 -1
    outer loop
      vertex 86.5712 57.5642 0
      vertex 84 58.5 0
      vertex 86 57.9641 0
    endloop
  endfacet
  facet normal 0 0 -1
    outer loop
      vertex 87.0642 57.0712 0
      vertex 84 58.5 0
      vertex 86.5712 57.5642 0
    endloop
  endfacet
  facet normal 0 0 -1
    outer loop
      vertex 86 57.9641 0
      vertex 84 58.5 0
      vertex 85.3681 58.2588 0
    endloop
  endfacet
  facet normal 0 0 -1
    outer loop
      vertex 85.3681 58.2588 0
      vertex 84 58.5 0
      vertex 84.6946 58.4392 0
    endloop
  endfacet
  facet normal 0 -0 -1
    outer loop
      vertex 50.5 36 0
      vertex 88 54.5 0
      vertex 50.4316 35.2186 0
    endloop
  endfacet
  facet normal 0 0 -1
    outer loop
      vertex 88 -54.5 0
      vertex 48.8925 32.5528 0
      vertex 49.4472 33.1075 0
    endloop
  endfacet
  facet normal 0 0 -1
    outer loop
      vertex 88 -54.5 0
      vertex 48.25 32.1029 0
      vertex 48.8925 32.5528 0
    endloop
  endfacet
  facet normal 0 0 -1
    outer loop
      vertex 88 -54.5 0
      vertex 47.5391 31.7714 0
      vertex 48.25 32.1029 0
    endloop
  endfacet
  facet normal 0 0 -1
    outer loop
      vertex 88 -54.5 0
      vertex 46.7814 31.5684 0
      vertex 47.5391 31.7714 0
    endloop
  endfacet
  facet normal 0 0 -1
    outer loop
      vertex 88 -54.5 0
      vertex 46 31.5 0
      vertex 46.7814 31.5684 0
    endloop
  endfacet
  facet normal 0 0 -1
    outer loop
      vertex 84 -58.5 0
      vertex 45.2186 31.5684 0
      vertex 46 31.5 0
    endloop
  endfacet
  facet normal 0 0 -1
    outer loop
      vertex 84 -58.5 0
      vertex 44.4609 31.7714 0
      vertex 45.2186 31.5684 0
    endloop
  endfacet
  facet normal 0 0 -1
    outer loop
      vertex 84 -58.5 0
      vertex 43.75 32.1029 0
      vertex 44.4609 31.7714 0
    endloop
  endfacet
  facet normal 0 0 -1
    outer loop
      vertex -43.75 32.1029 0
      vertex 43.75 32.1029 0
      vertex 84 -58.5 0
    endloop
  endfacet
  facet normal 0 0 -1
    outer loop
      vertex 43.75 32.1029 0
      vertex -43.75 32.1029 0
      vertex 43.1075 32.5528 0
    endloop
  endfacet
  facet normal 0 -0 -1
    outer loop
      vertex -43.1075 32.5528 0
      vertex 43.1075 32.5528 0
      vertex -43.75 32.1029 0
    endloop
  endfacet
  facet normal 0 0 -1
    outer loop
      vertex 43.1075 32.5528 0
      vertex -43.1075 32.5528 0
      vertex 42.5528 33.1075 0
    endloop
  endfacet
  facet normal 0 0 -1
    outer loop
      vertex 41.5684 35.2186 0
      vertex -41.5 36 0
      vertex 41.5 36 0
    endloop
  endfacet
  facet normal 0 0 -1
    outer loop
      vertex -41.5684 35.2186 0
      vertex 41.5684 35.2186 0
      vertex 41.7714 34.4609 0
    endloop
  endfacet
  facet normal 0 -0 -1
    outer loop
      vertex -42.5528 33.1075 0
      vertex 42.5528 33.1075 0
      vertex -43.1075 32.5528 0
    endloop
  endfacet
  facet normal 0 0 -1
    outer loop
      vertex 41.5684 35.2186 0
      vertex -41.5684 35.2186 0
      vertex -41.5 36 0
    endloop
  endfacet
  facet normal 0 0 -1
    outer loop
      vertex 41.7714 34.4609 0
      vertex -41.7714 34.4609 0
      vertex -41.5684 35.2186 0
    endloop
  endfacet
  facet normal -0 0 -1
    outer loop
      vertex 41.7714 34.4609 0
      vertex -42.1029 33.75 0
      vertex -41.7714 34.4609 0
    endloop
  endfacet
  facet normal 0 0 -1
    outer loop
      vertex 42.1029 33.75 0
      vertex -42.1029 33.75 0
      vertex 41.7714 34.4609 0
    endloop
  endfacet
  facet normal 0 -0 -1
    outer loop
      vertex -42.1029 33.75 0
      vertex 42.1029 33.75 0
      vertex -42.5528 33.1075 0
    endloop
  endfacet
  facet normal 0 0 -1
    outer loop
      vertex 42.5528 33.1075 0
      vertex -42.5528 33.1075 0
      vertex 42.1029 33.75 0
    endloop
  endfacet
  facet normal 0 0 -1
    outer loop
      vertex -84 -58.5 0
      vertex -43.75 32.1029 0
      vertex 84 -58.5 0
    endloop
  endfacet
  facet normal 0 0 -1
    outer loop
      vertex -43.75 32.1029 0
      vertex -84 -58.5 0
      vertex -44.4609 31.7714 0
    endloop
  endfacet
  facet normal 0 0 -1
    outer loop
      vertex -44.4609 31.7714 0
      vertex -84 -58.5 0
      vertex -45.2186 31.5684 0
    endloop
  endfacet
  facet normal 0 0 -1
    outer loop
      vertex -45.2186 31.5684 0
      vertex -84 -58.5 0
      vertex -46 31.5 0
    endloop
  endfacet
  facet normal 0 0 -1
    outer loop
      vertex -88 -54.5 0
      vertex -46 31.5 0
      vertex -84 -58.5 0
    endloop
  endfacet
  facet normal -0 0 -1
    outer loop
      vertex -46 31.5 0
      vertex -88 -54.5 0
      vertex -46.7814 31.5684 0
    endloop
  endfacet
  facet normal 0 0 -1
    outer loop
      vertex -49.8971 33.75 0
      vertex -88 54.5 0
      vertex -50.2286 34.4609 0
    endloop
  endfacet
  facet normal 0 0 -1
    outer loop
      vertex -49.4472 33.1075 0
      vertex -88 54.5 0
      vertex -49.8971 33.75 0
    endloop
  endfacet
  facet normal 0 0 -1
    outer loop
      vertex -88 54.5 0
      vertex -49.4472 33.1075 0
      vertex -88 -54.5 0
    endloop
  endfacet
  facet normal -0 0 -1
    outer loop
      vertex -48.8925 32.5528 0
      vertex -88 -54.5 0
      vertex -49.4472 33.1075 0
    endloop
  endfacet
  facet normal -0 0 -1
    outer loop
      vertex -48.25 32.1029 0
      vertex -88 -54.5 0
      vertex -48.8925 32.5528 0
    endloop
  endfacet
  facet normal -0 0 -1
    outer loop
      vertex -47.5391 31.7714 0
      vertex -88 -54.5 0
      vertex -48.25 32.1029 0
    endloop
  endfacet
  facet normal -0 0 -1
    outer loop
      vertex -46.7814 31.5684 0
      vertex -88 -54.5 0
      vertex -47.5391 31.7714 0
    endloop
  endfacet
  facet normal 0 0 -1
    outer loop
      vertex 87.9392 55.1946 0
      vertex 84 58.5 0
      vertex 87.7588 55.8681 0
    endloop
  endfacet
  facet normal 0 0 -1
    outer loop
      vertex 50.2286 37.5391 0
      vertex 84 58.5 0
      vertex 50.4316 36.7814 0
    endloop
  endfacet
  facet normal 0 0 -1
    outer loop
      vertex 49.8971 38.25 0
      vertex 84 58.5 0
      vertex 50.2286 37.5391 0
    endloop
  endfacet
  facet normal 0 0 -1
    outer loop
      vertex 47.6 44 0
      vertex 49.8971 38.25 0
      vertex 49.4472 38.8925 0
    endloop
  endfacet
  facet normal 0 0 -1
    outer loop
      vertex 47.6 44 0
      vertex 49.4472 38.8925 0
      vertex 48.8925 39.4472 0
    endloop
  endfacet
  facet normal 0 0 -1
    outer loop
      vertex 47.6 44 0
      vertex 48.8925 39.4472 0
      vertex 48.25 39.8971 0
    endloop
  endfacet
  facet normal 0 0 -1
    outer loop
      vertex 47.6 44 0
      vertex 48.25 39.8971 0
      vertex 47.6 40.2002 0
    endloop
  endfacet
  facet normal 0 0 -1
    outer loop
      vertex 49.8971 38.25 0
      vertex 47.6 44 0
      vertex 84 58.5 0
    endloop
  endfacet
  facet normal 0 0 -1
    outer loop
      vertex 44.4 44 0
      vertex 84 58.5 0
      vertex 47.6 44 0
    endloop
  endfacet
  facet normal 0 0 -1
    outer loop
      vertex 43.1075 39.4472 0
      vertex 44.4 44 0
      vertex 43.75 39.8971 0
    endloop
  endfacet
  facet normal 0 0 -1
    outer loop
      vertex 42.5528 38.8925 0
      vertex 44.4 44 0
      vertex 43.1075 39.4472 0
    endloop
  endfacet
  facet normal 0 0 -1
    outer loop
      vertex 42.1029 38.25 0
      vertex 44.4 44 0
      vertex 42.5528 38.8925 0
    endloop
  endfacet
  facet normal 0 0 -1
    outer loop
      vertex -42.1029 38.25 0
      vertex 42.1029 38.25 0
      vertex 41.7714 37.5391 0
    endloop
  endfacet
  facet normal 0 0 -1
    outer loop
      vertex -41.5 36 0
      vertex 41.5684 36.7814 0
      vertex 41.5 36 0
    endloop
  endfacet
  facet normal 0 0 -1
    outer loop
      vertex -41.5684 36.7814 0
      vertex 41.5684 36.7814 0
      vertex -41.5 36 0
    endloop
  endfacet
  facet normal 0 0 -1
    outer loop
      vertex 41.5684 36.7814 0
      vertex -41.5684 36.7814 0
      vertex 41.7714 37.5391 0
    endloop
  endfacet
  facet normal 0 0 -1
    outer loop
      vertex -41.7714 37.5391 0
      vertex 41.7714 37.5391 0
      vertex -41.5684 36.7814 0
    endloop
  endfacet
  facet normal 0 0 -1
    outer loop
      vertex -42.1029 38.25 0
      vertex 41.7714 37.5391 0
      vertex -41.7714 37.5391 0
    endloop
  endfacet
  facet normal 0 0 -1
    outer loop
      vertex 42.1029 38.25 0
      vertex -42.1029 38.25 0
      vertex 44.4 44 0
    endloop
  endfacet
  facet normal 0 0 -1
    outer loop
      vertex -44.4 44 0
      vertex 44.4 44 0
      vertex -42.1029 38.25 0
    endloop
  endfacet
  facet normal 0 0 -1
    outer loop
      vertex -44.4 44 0
      vertex -42.1029 38.25 0
      vertex -42.5528 38.8925 0
    endloop
  endfacet
  facet normal 0 0 -1
    outer loop
      vertex -44.4 44 0
      vertex -42.5528 38.8925 0
      vertex -43.1075 39.4472 0
    endloop
  endfacet
  facet normal 0 0 -1
    outer loop
      vertex -44.4 44 0
      vertex -43.1075 39.4472 0
      vertex -43.75 39.8971 0
    endloop
  endfacet
  facet normal 0 0 -1
    outer loop
      vertex -44.4 44 0
      vertex -43.75 39.8971 0
      vertex -44.4 40.2002 0
    endloop
  endfacet
  facet normal 0 0 -1
    outer loop
      vertex 44.4 44 0
      vertex -44.4 44 0
      vertex 84 58.5 0
    endloop
  endfacet
  facet normal 0 0 -1
    outer loop
      vertex -84 58.5 0
      vertex -44.4 44 0
      vertex -47.6 44 0
    endloop
  endfacet
  facet normal 0 0 -1
    outer loop
      vertex -48.8925 39.4472 0
      vertex -47.6 44 0
      vertex -48.25 39.8971 0
    endloop
  endfacet
  facet normal 0 0 -1
    outer loop
      vertex -49.4472 38.8925 0
      vertex -47.6 44 0
      vertex -48.8925 39.4472 0
    endloop
  endfacet
  facet normal 0 0 -1
    outer loop
      vertex -49.8971 38.25 0
      vertex -47.6 44 0
      vertex -49.4472 38.8925 0
    endloop
  endfacet
  facet normal 0 0 -1
    outer loop
      vertex -84 58.5 0
      vertex -49.8971 38.25 0
      vertex -50.2286 37.5391 0
    endloop
  endfacet
  facet normal 0 0 -1
    outer loop
      vertex -50.2286 34.4609 0
      vertex -88 54.5 0
      vertex -50.4316 35.2186 0
    endloop
  endfacet
  facet normal 0 0 -1
    outer loop
      vertex -50.4316 35.2186 0
      vertex -88 54.5 0
      vertex -50.5 36 0
    endloop
  endfacet
  facet normal 0 0 -1
    outer loop
      vertex -44.4 44 0
      vertex -84 58.5 0
      vertex 84 58.5 0
    endloop
  endfacet
  facet normal 0 0 -1
    outer loop
      vertex -49.8971 38.25 0
      vertex -84 58.5 0
      vertex -47.6 44 0
    endloop
  endfacet
  facet normal 0 0 -1
    outer loop
      vertex -50.5 36 0
      vertex -88 54.5 0
      vertex -50.4316 36.7814 0
    endloop
  endfacet
  facet normal 0 0 -1
    outer loop
      vertex -88 -54.5 0
      vertex -84 -58.5 0
      vertex -84.6946 -58.4392 0
    endloop
  endfacet
  facet normal 0 -0 -1
    outer loop
      vertex -84 58.5 0
      vertex -50.4316 36.7814 0
      vertex -88 54.5 0
    endloop
  endfacet
  facet normal 0 0 -1
    outer loop
      vertex -88 -54.5 0
      vertex -84.6946 -58.4392 0
      vertex -85.3681 -58.2588 0
    endloop
  endfacet
  facet normal 0 0 -1
    outer loop
      vertex -50.4316 36.7814 0
      vertex -84 58.5 0
      vertex -50.2286 37.5391 0
    endloop
  endfacet
  facet normal 0 0 -1
    outer loop
      vertex -88 -54.5 0
      vertex -85.3681 -58.2588 0
      vertex -86 -57.9641 0
    endloop
  endfacet
  facet normal 0 0 -1
    outer loop
      vertex -84 58.5 0
      vertex -88 54.5 0
      vertex -84.6946 58.4392 0
    endloop
  endfacet
  facet normal 0 0 -1
    outer loop
      vertex -88 -54.5 0
      vertex -86 -57.9641 0
      vertex -86.5712 -57.5642 0
    endloop
  endfacet
  facet normal 0 0 -1
    outer loop
      vertex -84.6946 58.4392 0
      vertex -88 54.5 0
      vertex -85.3681 58.2588 0
    endloop
  endfacet
  facet normal 0 0 -1
    outer loop
      vertex -88 -54.5 0
      vertex -86.5712 -57.5642 0
      vertex -87.0642 -57.0712 0
    endloop
  endfacet
  facet normal 0 0 -1
    outer loop
      vertex -85.3681 58.2588 0
      vertex -88 54.5 0
      vertex -86 57.9641 0
    endloop
  endfacet
  facet normal 0 0 -1
    outer loop
      vertex -88 -54.5 0
      vertex -87.0642 -57.0712 0
      vertex -87.4641 -56.5 0
    endloop
  endfacet
  facet normal 0 0 -1
    outer loop
      vertex -86 57.9641 0
      vertex -88 54.5 0
      vertex -86.5712 57.5642 0
    endloop
  endfacet
  facet normal 0 0 -1
    outer loop
      vertex -88 -54.5 0
      vertex -87.4641 -56.5 0
      vertex -87.7588 -55.8681 0
    endloop
  endfacet
  facet normal 0 0 -1
    outer loop
      vertex -86.5712 57.5642 0
      vertex -88 54.5 0
      vertex -87.0642 57.0712 0
    endloop
  endfacet
  facet normal 0 0 -1
    outer loop
      vertex -88 -54.5 0
      vertex -87.7588 -55.8681 0
      vertex -87.9392 -55.1946 0
    endloop
  endfacet
  facet normal 0 0 -1
    outer loop
      vertex -87.0642 57.0712 0
      vertex -88 54.5 0
      vertex -87.4641 56.5 0
    endloop
  endfacet
  facet normal 0 0 -1
    outer loop
      vertex -87.4641 56.5 0
      vertex -88 54.5 0
      vertex -87.7588 55.8681 0
    endloop
  endfacet
  facet normal 0 0 -1
    outer loop
      vertex -87.7588 55.8681 0
      vertex -88 54.5 0
      vertex -87.9392 55.1946 0
    endloop
  endfacet
  facet normal 0 0 1
    outer loop
      vertex 85.6 54.5 20.8
      vertex 88 54.5 20.8
      vertex 87.9392 55.1946 20.8
    endloop
  endfacet
  facet normal 0 0 1
    outer loop
      vertex 88 54.5 20.8
      vertex 85.6 54.5 20.8
      vertex 88 -54.5 20.8
    endloop
  endfacet
  facet normal 0 0 1
    outer loop
      vertex 85.5757 54.7778 20.8
      vertex 87.9392 55.1946 20.8
      vertex 87.7588 55.8681 20.8
    endloop
  endfacet
  facet normal 0 0 1
    outer loop
      vertex 85.6 -54.5 20.8
      vertex 88 -54.5 20.8
      vertex 85.6 54.5 20.8
    endloop
  endfacet
  facet normal 0 0 1
    outer loop
      vertex 85.5035 55.0472 20.8
      vertex 87.7588 55.8681 20.8
      vertex 87.4641 56.5 20.8
    endloop
  endfacet
  facet normal 0 0 1
    outer loop
      vertex 88 -54.5 20.8
      vertex 85.6 -54.5 20.8
      vertex 87.9392 -55.1946 20.8
    endloop
  endfacet
  facet normal 0 0 1
    outer loop
      vertex 85.3856 55.3 20.8
      vertex 87.4641 56.5 20.8
      vertex 87.0642 57.0712 20.8
    endloop
  endfacet
  facet normal -0 0 1
    outer loop
      vertex 85.5757 -54.7778 20.8
      vertex 87.9392 -55.1946 20.8
      vertex 85.6 -54.5 20.8
    endloop
  endfacet
  facet normal 0 0 1
    outer loop
      vertex 85.2257 55.5285 20.8
      vertex 87.0642 57.0712 20.8
      vertex 86.5712 57.5642 20.8
    endloop
  endfacet
  facet normal 0 0 1
    outer loop
      vertex 87.9392 -55.1946 20.8
      vertex 85.5757 -54.7778 20.8
      vertex 87.7588 -55.8681 20.8
    endloop
  endfacet
  facet normal 0 0 1
    outer loop
      vertex 85.0285 55.7257 20.8
      vertex 86.5712 57.5642 20.8
      vertex 86 57.9641 20.8
    endloop
  endfacet
  facet normal -0 0 1
    outer loop
      vertex 85.5035 -55.0472 20.8
      vertex 87.7588 -55.8681 20.8
      vertex 85.5757 -54.7778 20.8
    endloop
  endfacet
  facet normal 0 0 1
    outer loop
      vertex 87.7588 -55.8681 20.8
      vertex 85.5035 -55.0472 20.8
      vertex 87.4641 -56.5 20.8
    endloop
  endfacet
  facet normal 0 0 1
    outer loop
      vertex 87.9392 55.1946 20.8
      vertex 85.5757 54.7778 20.8
      vertex 85.6 54.5 20.8
    endloop
  endfacet
  facet normal 0 0 1
    outer loop
      vertex 87.7588 55.8681 20.8
      vertex 85.5035 55.0472 20.8
      vertex 85.5757 54.7778 20.8
    endloop
  endfacet
  facet normal 0 0 1
    outer loop
      vertex 87.4641 56.5 20.8
      vertex 85.3856 55.3 20.8
      vertex 85.5035 55.0472 20.8
    endloop
  endfacet
  facet normal 0 0 1
    outer loop
      vertex 84.8 55.8856 20.8
      vertex 86 57.9641 20.8
      vertex 85.3681 58.2588 20.8
    endloop
  endfacet
  facet normal 0 0 1
    outer loop
      vertex 87.0642 57.0712 20.8
      vertex 85.2257 55.5285 20.8
      vertex 85.3856 55.3 20.8
    endloop
  endfacet
  facet normal 0 0 1
    outer loop
      vertex 86.5712 57.5642 20.8
      vertex 85.0285 55.7257 20.8
      vertex 85.2257 55.5285 20.8
    endloop
  endfacet
  facet normal 0 0 1
    outer loop
      vertex 86 57.9641 20.8
      vertex 84.8 55.8856 20.8
      vertex 85.0285 55.7257 20.8
    endloop
  endfacet
  facet normal 0 0 1
    outer loop
      vertex 84.5472 56.0035 20.8
      vertex 85.3681 58.2588 20.8
      vertex 84.6946 58.4392 20.8
    endloop
  endfacet
  facet normal 0 0 1
    outer loop
      vertex 85.3681 58.2588 20.8
      vertex 84.5472 56.0035 20.8
      vertex 84.8 55.8856 20.8
    endloop
  endfacet
  facet normal 0 0 1
    outer loop
      vertex 84.6946 58.4392 20.8
      vertex 84.2778 56.0757 20.8
      vertex 84.5472 56.0035 20.8
    endloop
  endfacet
  facet normal 0 0 1
    outer loop
      vertex 84 58.5 20.8
      vertex 84.2778 56.0757 20.8
      vertex 84.6946 58.4392 20.8
    endloop
  endfacet
  facet normal 0 0 1
    outer loop
      vertex 84 58.5 20.8
      vertex 84 56.1 20.8
      vertex 84.2778 56.0757 20.8
    endloop
  endfacet
  facet normal -0 0 1
    outer loop
      vertex -84 58.5 20.8
      vertex 84 56.1 20.8
      vertex 84 58.5 20.8
    endloop
  endfacet
  facet normal 0 0 1
    outer loop
      vertex -84 58.5 20.8
      vertex -84 56.1 20.8
      vertex 84 56.1 20.8
    endloop
  endfacet
  facet normal 0 0 1
    outer loop
      vertex -84 58.5 20.8
      vertex -84.2778 56.0757 20.8
      vertex -84 56.1 20.8
    endloop
  endfacet
  facet normal -0 0 1
    outer loop
      vertex -84.6946 58.4392 20.8
      vertex -84.2778 56.0757 20.8
      vertex -84 58.5 20.8
    endloop
  endfacet
  facet normal 0 0 1
    outer loop
      vertex -84.2778 56.0757 20.8
      vertex -84.6946 58.4392 20.8
      vertex -84.5472 56.0035 20.8
    endloop
  endfacet
  facet normal -0 0 1
    outer loop
      vertex -85.3681 58.2588 20.8
      vertex -84.5472 56.0035 20.8
      vertex -84.6946 58.4392 20.8
    endloop
  endfacet
  facet normal 0 0 1
    outer loop
      vertex -84.5472 56.0035 20.8
      vertex -85.3681 58.2588 20.8
      vertex -84.8 55.8856 20.8
    endloop
  endfacet
  facet normal -0 0 1
    outer loop
      vertex -86 57.9641 20.8
      vertex -84.8 55.8856 20.8
      vertex -85.3681 58.2588 20.8
    endloop
  endfacet
  facet normal 0 0 1
    outer loop
      vertex -84.8 55.8856 20.8
      vertex -86 57.9641 20.8
      vertex -85.0285 55.7257 20.8
    endloop
  endfacet
  facet normal -0 0 1
    outer loop
      vertex -86.5712 57.5642 20.8
      vertex -85.0285 55.7257 20.8
      vertex -86 57.9641 20.8
    endloop
  endfacet
  facet normal 0 0 1
    outer loop
      vertex -85.0285 55.7257 20.8
      vertex -86.5712 57.5642 20.8
      vertex -85.2257 55.5285 20.8
    endloop
  endfacet
  facet normal -0 0 1
    outer loop
      vertex -87.0642 57.0712 20.8
      vertex -85.2257 55.5285 20.8
      vertex -86.5712 57.5642 20.8
    endloop
  endfacet
  facet normal 0 0 1
    outer loop
      vertex -85.2257 55.5285 20.8
      vertex -87.0642 57.0712 20.8
      vertex -85.3856 55.3 20.8
    endloop
  endfacet
  facet normal 0 0 1
    outer loop
      vertex -85.3856 55.3 20.8
      vertex -87.4641 56.5 20.8
      vertex -85.5035 55.0472 20.8
    endloop
  endfacet
  facet normal -0 0 1
    outer loop
      vertex -87.4641 56.5 20.8
      vertex -85.3856 55.3 20.8
      vertex -87.0642 57.0712 20.8
    endloop
  endfacet
  facet normal -0 0 1
    outer loop
      vertex 85.3856 -55.3 20.8
      vertex 87.4641 -56.5 20.8
      vertex 85.5035 -55.0472 20.8
    endloop
  endfacet
  facet normal 0 0 1
    outer loop
      vertex 87.4641 -56.5 20.8
      vertex 85.3856 -55.3 20.8
      vertex 87.0642 -57.0712 20.8
    endloop
  endfacet
  facet normal -0 0 1
    outer loop
      vertex 85.2257 -55.5285 20.8
      vertex 87.0642 -57.0712 20.8
      vertex 85.3856 -55.3 20.8
    endloop
  endfacet
  facet normal 0 0 1
    outer loop
      vertex 87.0642 -57.0712 20.8
      vertex 85.2257 -55.5285 20.8
      vertex 86.5712 -57.5642 20.8
    endloop
  endfacet
  facet normal -0 0 1
    outer loop
      vertex 85.0285 -55.7257 20.8
      vertex 86.5712 -57.5642 20.8
      vertex 85.2257 -55.5285 20.8
    endloop
  endfacet
  facet normal 0 0 1
    outer loop
      vertex 86.5712 -57.5642 20.8
      vertex 85.0285 -55.7257 20.8
      vertex 86 -57.9641 20.8
    endloop
  endfacet
  facet normal -0 0 1
    outer loop
      vertex 84.8 -55.8856 20.8
      vertex 86 -57.9641 20.8
      vertex 85.0285 -55.7257 20.8
    endloop
  endfacet
  facet normal 0 0 1
    outer loop
      vertex 86 -57.9641 20.8
      vertex 84.8 -55.8856 20.8
      vertex 85.3681 -58.2588 20.8
    endloop
  endfacet
  facet normal -0 0 1
    outer loop
      vertex 84.5472 -56.0035 20.8
      vertex 85.3681 -58.2588 20.8
      vertex 84.8 -55.8856 20.8
    endloop
  endfacet
  facet normal 0 0 1
    outer loop
      vertex 85.3681 -58.2588 20.8
      vertex 84.5472 -56.0035 20.8
      vertex 84.6946 -58.4392 20.8
    endloop
  endfacet
  facet normal -0 0 1
    outer loop
      vertex 84.2778 -56.0757 20.8
      vertex 84.6946 -58.4392 20.8
      vertex 84.5472 -56.0035 20.8
    endloop
  endfacet
  facet normal -0 0 1
    outer loop
      vertex 84 -56.1 20.8
      vertex 84.6946 -58.4392 20.8
      vertex 84.2778 -56.0757 20.8
    endloop
  endfacet
  facet normal 0 0 1
    outer loop
      vertex 84 -56.1 20.8
      vertex 84 -58.5 20.8
      vertex 84.6946 -58.4392 20.8
    endloop
  endfacet
  facet normal -0 0 1
    outer loop
      vertex 12 -56.1 20.8
      vertex 84 -58.5 20.8
      vertex 84 -56.1 20.8
    endloop
  endfacet
  facet normal 0 0 1
    outer loop
      vertex 84 -58.5 20.8
      vertex 12 -56.1 20.8
      vertex 12 -58.5 20.8
    endloop
  endfacet
  facet normal -0 0 1
    outer loop
      vertex -84 -56.1 20.8
      vertex -12 -58.5 20.8
      vertex -12 -56.1 20.8
    endloop
  endfacet
  facet normal 0 0 1
    outer loop
      vertex -84 -56.1 20.8
      vertex -84 -58.5 20.8
      vertex -12 -58.5 20.8
    endloop
  endfacet
  facet normal 0 0 1
    outer loop
      vertex -84.2778 -56.0757 20.8
      vertex -84 -58.5 20.8
      vertex -84 -56.1 20.8
    endloop
  endfacet
  facet normal 0 0 1
    outer loop
      vertex -84.6946 -58.4392 20.8
      vertex -84.2778 -56.0757 20.8
      vertex -84.5472 -56.0035 20.8
    endloop
  endfacet
  facet normal 0 0 1
    outer loop
      vertex -84.2778 -56.0757 20.8
      vertex -84.6946 -58.4392 20.8
      vertex -84 -58.5 20.8
    endloop
  endfacet
  facet normal 0 0 1
    outer loop
      vertex -85.3681 -58.2588 20.8
      vertex -84.5472 -56.0035 20.8
      vertex -84.8 -55.8856 20.8
    endloop
  endfacet
  facet normal 0 0 1
    outer loop
      vertex -86 -57.9641 20.8
      vertex -84.8 -55.8856 20.8
      vertex -85.0285 -55.7257 20.8
    endloop
  endfacet
  facet normal 0 0 1
    outer loop
      vertex -86.5712 -57.5642 20.8
      vertex -85.0285 -55.7257 20.8
      vertex -85.2257 -55.5285 20.8
    endloop
  endfacet
  facet normal 0 0 1
    outer loop
      vertex -84.5472 -56.0035 20.8
      vertex -85.3681 -58.2588 20.8
      vertex -84.6946 -58.4392 20.8
    endloop
  endfacet
  facet normal 0 0 1
    outer loop
      vertex -87.0642 -57.0712 20.8
      vertex -85.2257 -55.5285 20.8
      vertex -85.3856 -55.3 20.8
    endloop
  endfacet
  facet normal 0 0 1
    outer loop
      vertex -87.4641 -56.5 20.8
      vertex -85.3856 -55.3 20.8
      vertex -85.5035 -55.0472 20.8
    endloop
  endfacet
  facet normal 0 0 1
    outer loop
      vertex -87.7588 -55.8681 20.8
      vertex -85.5035 -55.0472 20.8
      vertex -85.5757 -54.7778 20.8
    endloop
  endfacet
  facet normal 0 0 1
    outer loop
      vertex -87.9392 -55.1946 20.8
      vertex -85.5757 -54.7778 20.8
      vertex -85.6 -54.5 20.8
    endloop
  endfacet
  facet normal 0 0 1
    outer loop
      vertex -84.8 -55.8856 20.8
      vertex -86 -57.9641 20.8
      vertex -85.3681 -58.2588 20.8
    endloop
  endfacet
  facet normal 0 0 1
    outer loop
      vertex -85.6 54.5 20.8
      vertex -88 54.5 20.8
      vertex -85.6 -54.5 20.8
    endloop
  endfacet
  facet normal -0 0 1
    outer loop
      vertex -87.7588 55.8681 20.8
      vertex -85.5035 55.0472 20.8
      vertex -87.4641 56.5 20.8
    endloop
  endfacet
  facet normal 0 0 1
    outer loop
      vertex -88 -54.5 20.8
      vertex -85.6 -54.5 20.8
      vertex -88 54.5 20.8
    endloop
  endfacet
  facet normal 0 0 1
    outer loop
      vertex -85.5035 55.0472 20.8
      vertex -87.7588 55.8681 20.8
      vertex -85.5757 54.7778 20.8
    endloop
  endfacet
  facet normal 0 -0 1
    outer loop
      vertex -87.9392 -55.1946 20.8
      vertex -85.6 -54.5 20.8
      vertex -88 -54.5 20.8
    endloop
  endfacet
  facet normal -0 0 1
    outer loop
      vertex -87.9392 55.1946 20.8
      vertex -85.5757 54.7778 20.8
      vertex -87.7588 55.8681 20.8
    endloop
  endfacet
  facet normal 0 0 1
    outer loop
      vertex -85.0285 -55.7257 20.8
      vertex -86.5712 -57.5642 20.8
      vertex -86 -57.9641 20.8
    endloop
  endfacet
  facet normal 0 0 1
    outer loop
      vertex -85.5757 54.7778 20.8
      vertex -87.9392 55.1946 20.8
      vertex -85.6 54.5 20.8
    endloop
  endfacet
  facet normal 0 0 1
    outer loop
      vertex -85.2257 -55.5285 20.8
      vertex -87.0642 -57.0712 20.8
      vertex -86.5712 -57.5642 20.8
    endloop
  endfacet
  facet normal 0 0 1
    outer loop
      vertex -85.6 54.5 20.8
      vertex -87.9392 55.1946 20.8
      vertex -88 54.5 20.8
    endloop
  endfacet
  facet normal 0 0 1
    outer loop
      vertex -85.3856 -55.3 20.8
      vertex -87.4641 -56.5 20.8
      vertex -87.0642 -57.0712 20.8
    endloop
  endfacet
  facet normal 0 0 1
    outer loop
      vertex -85.5035 -55.0472 20.8
      vertex -87.7588 -55.8681 20.8
      vertex -87.4641 -56.5 20.8
    endloop
  endfacet
  facet normal 0 0 1
    outer loop
      vertex -85.5757 -54.7778 20.8
      vertex -87.9392 -55.1946 20.8
      vertex -87.7588 -55.8681 20.8
    endloop
  endfacet
  facet normal 0 -1 0
    outer loop
      vertex -84 -58.5 20.8
      vertex -12 -58.5 15.32
      vertex -12 -58.5 20.8
    endloop
  endfacet
  facet normal 0 -1 -0
    outer loop
      vertex -12 -58.5 15.32
      vertex -84 -58.5 0
      vertex 12 -58.5 15.32
    endloop
  endfacet
  facet normal 0 -1 0
    outer loop
      vertex -84 -58.5 0
      vertex -12 -58.5 15.32
      vertex -84 -58.5 20.8
    endloop
  endfacet
  facet normal 0 -1 0
    outer loop
      vertex 12 -58.5 15.32
      vertex 84 -58.5 20.8
      vertex 12 -58.5 20.8
    endloop
  endfacet
  facet normal 0 -1 0
    outer loop
      vertex 84 -58.5 0
      vertex 12 -58.5 15.32
      vertex -84 -58.5 0
    endloop
  endfacet
  facet normal 0 -1 0
    outer loop
      vertex 12 -58.5 15.32
      vertex 84 -58.5 0
      vertex 84 -58.5 20.8
    endloop
  endfacet
  facet normal 0.707107 0.707107 0
    outer loop
      vertex 87.0642 57.0712 20.8
      vertex 86.5712 57.5642 0
      vertex 86.5712 57.5642 20.8
    endloop
  endfacet
  facet normal 0.707107 0.707107 0
    outer loop
      vertex 86.5712 57.5642 0
      vertex 87.0642 57.0712 20.8
      vertex 87.0642 57.0712 0
    endloop
  endfacet
  facet normal 0.087199 0.996191 -0
    outer loop
      vertex 84.6946 58.4392 0
      vertex 84 58.5 20.8
      vertex 84.6946 58.4392 20.8
    endloop
  endfacet
  facet normal 0.087199 0.996191 0
    outer loop
      vertex 84 58.5 20.8
      vertex 84.6946 58.4392 0
      vertex 84 58.5 0
    endloop
  endfacet
  facet normal 0.819191 -0.57352 0
    outer loop
      vertex 87.0642 -57.0712 20.8
      vertex 87.4641 -56.5 0
      vertex 87.4641 -56.5 20.8
    endloop
  endfacet
  facet normal 0.819191 -0.57352 0
    outer loop
      vertex 87.4641 -56.5 0
      vertex 87.0642 -57.0712 20.8
      vertex 87.0642 -57.0712 0
    endloop
  endfacet
  facet normal 0.422666 0.906286 -0
    outer loop
      vertex 86 57.9641 0
      vertex 85.3681 58.2588 20.8
      vertex 86 57.9641 20.8
    endloop
  endfacet
  facet normal 0.422666 0.906286 0
    outer loop
      vertex 85.3681 58.2588 20.8
      vertex 86 57.9641 0
      vertex 85.3681 58.2588 0
    endloop
  endfacet
  facet normal 1 -0 0
    outer loop
      vertex 88 -54.5 20.8
      vertex 88 54.5 0
      vertex 88 54.5 20.8
    endloop
  endfacet
  facet normal 1 0 0
    outer loop
      vertex 88 54.5 0
      vertex 88 -54.5 20.8
      vertex 88 -54.5 0
    endloop
  endfacet
  facet normal -0.707107 0.707107 0
    outer loop
      vertex -87.0642 57.0712 0
      vertex -86.5712 57.5642 20.8
      vertex -86.5712 57.5642 0
    endloop
  endfacet
  facet normal -0.707107 0.707107 0
    outer loop
      vertex -86.5712 57.5642 20.8
      vertex -87.0642 57.0712 0
      vertex -87.0642 57.0712 20.8
    endloop
  endfacet
  facet normal 0.906286 -0.422666 0
    outer loop
      vertex 87.4641 -56.5 20.8
      vertex 87.7588 -55.8681 0
      vertex 87.7588 -55.8681 20.8
    endloop
  endfacet
  facet normal 0.906286 -0.422666 0
    outer loop
      vertex 87.7588 -55.8681 0
      vertex 87.4641 -56.5 20.8
      vertex 87.4641 -56.5 0
    endloop
  endfacet
  facet normal 0 1 -0
    outer loop
      vertex 84 58.5 0
      vertex -84 58.5 20.8
      vertex 84 58.5 20.8
    endloop
  endfacet
  facet normal 0 1 0
    outer loop
      vertex -84 58.5 20.8
      vertex 84 58.5 0
      vertex -84 58.5 0
    endloop
  endfacet
  facet normal -0.996191 0.087199 0
    outer loop
      vertex -88 54.5 0
      vertex -87.9392 55.1946 20.8
      vertex -87.9392 55.1946 0
    endloop
  endfacet
  facet normal -0.996191 0.087199 0
    outer loop
      vertex -87.9392 55.1946 20.8
      vertex -88 54.5 0
      vertex -88 54.5 20.8
    endloop
  endfacet
  facet normal 0.965949 -0.258734 0
    outer loop
      vertex 87.7588 -55.8681 20.8
      vertex 87.9392 -55.1946 0
      vertex 87.9392 -55.1946 20.8
    endloop
  endfacet
  facet normal 0.965949 -0.258734 0
    outer loop
      vertex 87.9392 -55.1946 0
      vertex 87.7588 -55.8681 20.8
      vertex 87.7588 -55.8681 0
    endloop
  endfacet
  facet normal -1 0 0
    outer loop
      vertex -88 -54.5 0
      vertex -88 54.5 20.8
      vertex -88 54.5 0
    endloop
  endfacet
  facet normal -1 -0 0
    outer loop
      vertex -88 54.5 20.8
      vertex -88 -54.5 0
      vertex -88 -54.5 20.8
    endloop
  endfacet
  facet normal -0.087199 -0.996191 0
    outer loop
      vertex -84.6946 -58.4392 0
      vertex -84 -58.5 20.8
      vertex -84.6946 -58.4392 20.8
    endloop
  endfacet
  facet normal -0.087199 -0.996191 -0
    outer loop
      vertex -84 -58.5 20.8
      vertex -84.6946 -58.4392 0
      vertex -84 -58.5 0
    endloop
  endfacet
  facet normal 0.087199 -0.996191 0
    outer loop
      vertex 84 -58.5 0
      vertex 84.6946 -58.4392 20.8
      vertex 84 -58.5 20.8
    endloop
  endfacet
  facet normal 0.087199 -0.996191 0
    outer loop
      vertex 84.6946 -58.4392 20.8
      vertex 84 -58.5 0
      vertex 84.6946 -58.4392 0
    endloop
  endfacet
  facet normal 0.57352 -0.819191 0
    outer loop
      vertex 86 -57.9641 0
      vertex 86.5712 -57.5642 20.8
      vertex 86 -57.9641 20.8
    endloop
  endfacet
  facet normal 0.57352 -0.819191 0
    outer loop
      vertex 86.5712 -57.5642 20.8
      vertex 86 -57.9641 0
      vertex 86.5712 -57.5642 0
    endloop
  endfacet
  facet normal -0.258734 0.965949 0
    outer loop
      vertex -84.6946 58.4392 0
      vertex -85.3681 58.2588 20.8
      vertex -84.6946 58.4392 20.8
    endloop
  endfacet
  facet normal -0.258734 0.965949 0
    outer loop
      vertex -85.3681 58.2588 20.8
      vertex -84.6946 58.4392 0
      vertex -85.3681 58.2588 0
    endloop
  endfacet
  facet normal 0.707107 -0.707107 0
    outer loop
      vertex 86.5712 -57.5642 20.8
      vertex 87.0642 -57.0712 0
      vertex 87.0642 -57.0712 20.8
    endloop
  endfacet
  facet normal 0.707107 -0.707107 0
    outer loop
      vertex 87.0642 -57.0712 0
      vertex 86.5712 -57.5642 20.8
      vertex 86.5712 -57.5642 0
    endloop
  endfacet
  facet normal 0.422666 -0.906286 0
    outer loop
      vertex 85.3681 -58.2588 0
      vertex 86 -57.9641 20.8
      vertex 85.3681 -58.2588 20.8
    endloop
  endfacet
  facet normal 0.422666 -0.906286 0
    outer loop
      vertex 86 -57.9641 20.8
      vertex 85.3681 -58.2588 0
      vertex 86 -57.9641 0
    endloop
  endfacet
  facet normal -0.422666 -0.906286 0
    outer loop
      vertex -86 -57.9641 0
      vertex -85.3681 -58.2588 20.8
      vertex -86 -57.9641 20.8
    endloop
  endfacet
  facet normal -0.422666 -0.906286 -0
    outer loop
      vertex -85.3681 -58.2588 20.8
      vertex -86 -57.9641 0
      vertex -85.3681 -58.2588 0
    endloop
  endfacet
  facet normal 0.906286 0.422666 0
    outer loop
      vertex 87.7588 55.8681 20.8
      vertex 87.4641 56.5 0
      vertex 87.4641 56.5 20.8
    endloop
  endfacet
  facet normal 0.906286 0.422666 0
    outer loop
      vertex 87.4641 56.5 0
      vertex 87.7588 55.8681 20.8
      vertex 87.7588 55.8681 0
    endloop
  endfacet
  facet normal -0.965949 0.258734 0
    outer loop
      vertex -87.9392 55.1946 0
      vertex -87.7588 55.8681 20.8
      vertex -87.7588 55.8681 0
    endloop
  endfacet
  facet normal -0.965949 0.258734 0
    outer loop
      vertex -87.7588 55.8681 20.8
      vertex -87.9392 55.1946 0
      vertex -87.9392 55.1946 20.8
    endloop
  endfacet
  facet normal -0.965949 -0.258734 0
    outer loop
      vertex -87.7588 -55.8681 0
      vertex -87.9392 -55.1946 20.8
      vertex -87.9392 -55.1946 0
    endloop
  endfacet
  facet normal -0.965949 -0.258734 0
    outer loop
      vertex -87.9392 -55.1946 20.8
      vertex -87.7588 -55.8681 0
      vertex -87.7588 -55.8681 20.8
    endloop
  endfacet
  facet normal 0.819191 0.57352 0
    outer loop
      vertex 87.4641 56.5 20.8
      vertex 87.0642 57.0712 0
      vertex 87.0642 57.0712 20.8
    endloop
  endfacet
  facet normal 0.819191 0.57352 0
    outer loop
      vertex 87.0642 57.0712 0
      vertex 87.4641 56.5 20.8
      vertex 87.4641 56.5 0
    endloop
  endfacet
  facet normal -0.258734 -0.965949 0
    outer loop
      vertex -85.3681 -58.2588 0
      vertex -84.6946 -58.4392 20.8
      vertex -85.3681 -58.2588 20.8
    endloop
  endfacet
  facet normal -0.258734 -0.965949 -0
    outer loop
      vertex -84.6946 -58.4392 20.8
      vertex -85.3681 -58.2588 0
      vertex -84.6946 -58.4392 0
    endloop
  endfacet
  facet normal 0.258734 -0.965949 0
    outer loop
      vertex 84.6946 -58.4392 0
      vertex 85.3681 -58.2588 20.8
      vertex 84.6946 -58.4392 20.8
    endloop
  endfacet
  facet normal 0.258734 -0.965949 0
    outer loop
      vertex 85.3681 -58.2588 20.8
      vertex 84.6946 -58.4392 0
      vertex 85.3681 -58.2588 0
    endloop
  endfacet
  facet normal 0.996191 0.087199 0
    outer loop
      vertex 88 54.5 20.8
      vertex 87.9392 55.1946 0
      vertex 87.9392 55.1946 20.8
    endloop
  endfacet
  facet normal 0.996191 0.087199 0
    outer loop
      vertex 87.9392 55.1946 0
      vertex 88 54.5 20.8
      vertex 88 54.5 0
    endloop
  endfacet
  facet normal 0.258734 0.965949 -0
    outer loop
      vertex 85.3681 58.2588 0
      vertex 84.6946 58.4392 20.8
      vertex 85.3681 58.2588 20.8
    endloop
  endfacet
  facet normal 0.258734 0.965949 0
    outer loop
      vertex 84.6946 58.4392 20.8
      vertex 85.3681 58.2588 0
      vertex 84.6946 58.4392 0
    endloop
  endfacet
  facet normal -0.57352 -0.819191 0
    outer loop
      vertex -86.5712 -57.5642 0
      vertex -86 -57.9641 20.8
      vertex -86.5712 -57.5642 20.8
    endloop
  endfacet
  facet normal -0.57352 -0.819191 -0
    outer loop
      vertex -86 -57.9641 20.8
      vertex -86.5712 -57.5642 0
      vertex -86 -57.9641 0
    endloop
  endfacet
  facet normal -0.422666 0.906286 0
    outer loop
      vertex -85.3681 58.2588 0
      vertex -86 57.9641 20.8
      vertex -85.3681 58.2588 20.8
    endloop
  endfacet
  facet normal -0.422666 0.906286 0
    outer loop
      vertex -86 57.9641 20.8
      vertex -85.3681 58.2588 0
      vertex -86 57.9641 0
    endloop
  endfacet
  facet normal -0.819191 -0.57352 0
    outer loop
      vertex -87.0642 -57.0712 0
      vertex -87.4641 -56.5 20.8
      vertex -87.4641 -56.5 0
    endloop
  endfacet
  facet normal -0.819191 -0.57352 0
    outer loop
      vertex -87.4641 -56.5 20.8
      vertex -87.0642 -57.0712 0
      vertex -87.0642 -57.0712 20.8
    endloop
  endfacet
  facet normal 0.996191 -0.087199 0
    outer loop
      vertex 87.9392 -55.1946 20.8
      vertex 88 -54.5 0
      vertex 88 -54.5 20.8
    endloop
  endfacet
  facet normal 0.996191 -0.087199 0
    outer loop
      vertex 88 -54.5 0
      vertex 87.9392 -55.1946 20.8
      vertex 87.9392 -55.1946 0
    endloop
  endfacet
  facet normal -0.819191 0.57352 0
    outer loop
      vertex -87.4641 56.5 0
      vertex -87.0642 57.0712 20.8
      vertex -87.0642 57.0712 0
    endloop
  endfacet
  facet normal -0.819191 0.57352 0
    outer loop
      vertex -87.0642 57.0712 20.8
      vertex -87.4641 56.5 0
      vertex -87.4641 56.5 20.8
    endloop
  endfacet
  facet normal -0.707107 -0.707107 0
    outer loop
      vertex -86.5712 -57.5642 0
      vertex -87.0642 -57.0712 20.8
      vertex -87.0642 -57.0712 0
    endloop
  endfacet
  facet normal -0.707107 -0.707107 0
    outer loop
      vertex -87.0642 -57.0712 20.8
      vertex -86.5712 -57.5642 0
      vertex -86.5712 -57.5642 20.8
    endloop
  endfacet
  facet normal -0.57352 0.819191 0
    outer loop
      vertex -86 57.9641 0
      vertex -86.5712 57.5642 20.8
      vertex -86 57.9641 20.8
    endloop
  endfacet
  facet normal -0.57352 0.819191 0
    outer loop
      vertex -86.5712 57.5642 20.8
      vertex -86 57.9641 0
      vertex -86.5712 57.5642 0
    endloop
  endfacet
  facet normal -0.906286 -0.422666 0
    outer loop
      vertex -87.4641 -56.5 0
      vertex -87.7588 -55.8681 20.8
      vertex -87.7588 -55.8681 0
    endloop
  endfacet
  facet normal -0.906286 -0.422666 0
    outer loop
      vertex -87.7588 -55.8681 20.8
      vertex -87.4641 -56.5 0
      vertex -87.4641 -56.5 20.8
    endloop
  endfacet
  facet normal -0.996191 -0.087199 0
    outer loop
      vertex -87.9392 -55.1946 0
      vertex -88 -54.5 20.8
      vertex -88 -54.5 0
    endloop
  endfacet
  facet normal -0.996191 -0.087199 0
    outer loop
      vertex -88 -54.5 20.8
      vertex -87.9392 -55.1946 0
      vertex -87.9392 -55.1946 20.8
    endloop
  endfacet
  facet normal 0.965949 0.258734 0
    outer loop
      vertex 87.9392 55.1946 20.8
      vertex 87.7588 55.8681 0
      vertex 87.7588 55.8681 20.8
    endloop
  endfacet
  facet normal 0.965949 0.258734 0
    outer loop
      vertex 87.7588 55.8681 0
      vertex 87.9392 55.1946 20.8
      vertex 87.9392 55.1946 0
    endloop
  endfacet
  facet normal -0.087199 0.996191 0
    outer loop
      vertex -84 58.5 0
      vertex -84.6946 58.4392 20.8
      vertex -84 58.5 20.8
    endloop
  endfacet
  facet normal -0.087199 0.996191 0
    outer loop
      vertex -84.6946 58.4392 20.8
      vertex -84 58.5 0
      vertex -84.6946 58.4392 0
    endloop
  endfacet
  facet normal -0.906286 0.422666 0
    outer loop
      vertex -87.7588 55.8681 0
      vertex -87.4641 56.5 20.8
      vertex -87.4641 56.5 0
    endloop
  endfacet
  facet normal -0.906286 0.422666 0
    outer loop
      vertex -87.4641 56.5 20.8
      vertex -87.7588 55.8681 0
      vertex -87.7588 55.8681 20.8
    endloop
  endfacet
  facet normal 0.57352 0.819191 -0
    outer loop
      vertex 86.5712 57.5642 0
      vertex 86 57.9641 20.8
      vertex 86.5712 57.5642 20.8
    endloop
  endfacet
  facet normal 0.57352 0.819191 0
    outer loop
      vertex 86 57.9641 20.8
      vertex 86.5712 57.5642 0
      vertex 86 57.9641 0
    endloop
  endfacet
  facet normal 0.996196 0.0871403 0
    outer loop
      vertex -85.5757 -54.7778 20.8
      vertex -85.6 -54.5 2.2
      vertex -85.6 -54.5 20.8
    endloop
  endfacet
  facet normal 0.996196 0.0871403 0
    outer loop
      vertex -85.6 -54.5 2.2
      vertex -85.5757 -54.7778 20.8
      vertex -85.5757 -54.7778 2.2
    endloop
  endfacet
  facet normal 1 0 0
    outer loop
      vertex -85.6 50.4 18.07
      vertex -85.6 54.5 20.8
      vertex -85.6 50.4 19.27
    endloop
  endfacet
  facet normal 1 0 0
    outer loop
      vertex -85.6 54.5 20.8
      vertex -85.6 -50.4 19.27
      vertex -85.6 50.4 19.27
    endloop
  endfacet
  facet normal 1 0 0
    outer loop
      vertex -85.6 -50.4 19.27
      vertex -85.6 -54.5 20.8
      vertex -85.6 -50.4 18.07
    endloop
  endfacet
  facet normal 1 -0 0
    outer loop
      vertex -85.6 -54.5 20.8
      vertex -85.6 -50.4 19.27
      vertex -85.6 54.5 20.8
    endloop
  endfacet
  facet normal 1 0 0
    outer loop
      vertex -85.6 54.5 20.8
      vertex -85.6 50.4 18.07
      vertex -85.6 54.5 2.2
    endloop
  endfacet
  facet normal 1 -0 0
    outer loop
      vertex -85.6 -50.4 18.07
      vertex -85.6 54.5 2.2
      vertex -85.6 50.4 18.07
    endloop
  endfacet
  facet normal 1 0 0
    outer loop
      vertex -85.6 -50.4 18.07
      vertex -85.6 -54.5 2.2
      vertex -85.6 54.5 2.2
    endloop
  endfacet
  facet normal 1 0 0
    outer loop
      vertex -85.6 -54.5 2.2
      vertex -85.6 -50.4 18.07
      vertex -85.6 -54.5 20.8
    endloop
  endfacet
  facet normal 0.0871403 -0.996196 0
    outer loop
      vertex -84.2778 56.0757 2.2
      vertex -84 56.1 20.8
      vertex -84.2778 56.0757 20.8
    endloop
  endfacet
  facet normal 0.0871403 -0.996196 0
    outer loop
      vertex -84 56.1 20.8
      vertex -84.2778 56.0757 2.2
      vertex -84 56.1 2.2
    endloop
  endfacet
  facet normal 0.42267 -0.906284 0
    outer loop
      vertex -84.8 55.8856 2.2
      vertex -84.5472 56.0035 20.8
      vertex -84.8 55.8856 20.8
    endloop
  endfacet
  facet normal 0.42267 -0.906284 0
    outer loop
      vertex -84.5472 56.0035 20.8
      vertex -84.8 55.8856 2.2
      vertex -84.5472 56.0035 2.2
    endloop
  endfacet
  facet normal 0 -1 0
    outer loop
      vertex -84 56.1 20.8
      vertex -79.9 56.1 19.27
      vertex 84 56.1 20.8
    endloop
  endfacet
  facet normal 0 -1 0
    outer loop
      vertex -84 56.1 20.8
      vertex -79.9 56.1 18.07
      vertex -79.9 56.1 19.27
    endloop
  endfacet
  facet normal 0 -1 -0
    outer loop
      vertex -79.9 56.1 18.07
      vertex -84 56.1 2.2
      vertex 79.9 56.1 18.07
    endloop
  endfacet
  facet normal 0 -1 0
    outer loop
      vertex -84 56.1 2.2
      vertex -79.9 56.1 18.07
      vertex -84 56.1 20.8
    endloop
  endfacet
  facet normal 0 -1 0
    outer loop
      vertex 79.9 56.1 19.27
      vertex 84 56.1 20.8
      vertex -79.9 56.1 19.27
    endloop
  endfacet
  facet normal 0 -1 0
    outer loop
      vertex 79.9 56.1 18.07
      vertex 84 56.1 20.8
      vertex 79.9 56.1 19.27
    endloop
  endfacet
  facet normal 0 -1 0
    outer loop
      vertex 79.9 56.1 18.07
      vertex 84 56.1 2.2
      vertex 84 56.1 20.8
    endloop
  endfacet
  facet normal 0 -1 0
    outer loop
      vertex 84 56.1 2.2
      vertex 79.9 56.1 18.07
      vertex -84 56.1 2.2
    endloop
  endfacet
  facet normal -0.707107 0.707107 0
    outer loop
      vertex 85.0285 -55.7257 2.2
      vertex 85.2257 -55.5285 20.8
      vertex 85.2257 -55.5285 2.2
    endloop
  endfacet
  facet normal -0.707107 0.707107 0
    outer loop
      vertex 85.2257 -55.5285 20.8
      vertex 85.0285 -55.7257 2.2
      vertex 85.0285 -55.7257 20.8
    endloop
  endfacet
  facet normal -0.573342 -0.819316 0
    outer loop
      vertex 84.8 55.8856 2.2
      vertex 85.0285 55.7257 20.8
      vertex 84.8 55.8856 20.8
    endloop
  endfacet
  facet normal -0.573342 -0.819316 -0
    outer loop
      vertex 85.0285 55.7257 20.8
      vertex 84.8 55.8856 2.2
      vertex 85.0285 55.7257 2.2
    endloop
  endfacet
  facet normal -0.996196 -0.0871403 0
    outer loop
      vertex 85.6 54.5 2.2
      vertex 85.5757 54.7778 20.8
      vertex 85.5757 54.7778 2.2
    endloop
  endfacet
  facet normal -0.996196 -0.0871403 0
    outer loop
      vertex 85.5757 54.7778 20.8
      vertex 85.6 54.5 2.2
      vertex 85.6 54.5 20.8
    endloop
  endfacet
  facet normal 0.906284 -0.42267 0
    outer loop
      vertex -85.5035 55.0472 20.8
      vertex -85.3856 55.3 2.2
      vertex -85.3856 55.3 20.8
    endloop
  endfacet
  facet normal 0.906284 -0.42267 0
    outer loop
      vertex -85.3856 55.3 2.2
      vertex -85.5035 55.0472 20.8
      vertex -85.5035 55.0472 2.2
    endloop
  endfacet
  facet normal -0.819316 0.573342 0
    outer loop
      vertex 85.2257 -55.5285 2.2
      vertex 85.3856 -55.3 20.8
      vertex 85.3856 -55.3 2.2
    endloop
  endfacet
  facet normal -0.819316 0.573342 0
    outer loop
      vertex 85.3856 -55.3 20.8
      vertex 85.2257 -55.5285 2.2
      vertex 85.2257 -55.5285 20.8
    endloop
  endfacet
  facet normal 0.707107 0.707107 0
    outer loop
      vertex -85.0285 -55.7257 20.8
      vertex -85.2257 -55.5285 2.2
      vertex -85.2257 -55.5285 20.8
    endloop
  endfacet
  facet normal 0.707107 0.707107 0
    outer loop
      vertex -85.2257 -55.5285 2.2
      vertex -85.0285 -55.7257 20.8
      vertex -85.0285 -55.7257 2.2
    endloop
  endfacet
  facet normal 0 1 0
    outer loop
      vertex 84 -56.1 20.8
      vertex 79.9 -56.1 19.27
      vertex 12 -56.1 20.8
    endloop
  endfacet
  facet normal 0 1 0
    outer loop
      vertex 84 -56.1 20.8
      vertex 79.9 -56.1 18.07
      vertex 79.9 -56.1 19.27
    endloop
  endfacet
  facet normal 0 1 0
    outer loop
      vertex 79.9 -56.1 18.07
      vertex 12 -56.1 15.32
      vertex 12 -56.1 18.07
    endloop
  endfacet
  facet normal 0 1 0
    outer loop
      vertex 12 -56.1 15.32
      vertex 84 -56.1 2.2
      vertex -12 -56.1 15.32
    endloop
  endfacet
  facet normal 0 1 0
    outer loop
      vertex 79.9 -56.1 18.07
      vertex 84 -56.1 2.2
      vertex 12 -56.1 15.32
    endloop
  endfacet
  facet normal 0 1 -0
    outer loop
      vertex 84 -56.1 2.2
      vertex 79.9 -56.1 18.07
      vertex 84 -56.1 20.8
    endloop
  endfacet
  facet normal 0 1 0
    outer loop
      vertex 12 -56.1 20.8
      vertex 79.9 -56.1 19.27
      vertex 12 -56.1 19.27
    endloop
  endfacet
  facet normal 0 1 0
    outer loop
      vertex -12 -56.1 18.07
      vertex -12 -56.1 15.32
      vertex -79.9 -56.1 18.07
    endloop
  endfacet
  facet normal 0 1 0
    outer loop
      vertex -79.9 -56.1 19.27
      vertex -12 -56.1 20.8
      vertex -12 -56.1 19.27
    endloop
  endfacet
  facet normal 0 1 0
    outer loop
      vertex -12 -56.1 20.8
      vertex -79.9 -56.1 19.27
      vertex -84 -56.1 20.8
    endloop
  endfacet
  facet normal 0 1 -0
    outer loop
      vertex -79.9 -56.1 18.07
      vertex -84 -56.1 20.8
      vertex -79.9 -56.1 19.27
    endloop
  endfacet
  facet normal 0 1 0
    outer loop
      vertex -84 -56.1 2.2
      vertex -12 -56.1 15.32
      vertex 84 -56.1 2.2
    endloop
  endfacet
  facet normal 0 1 0
    outer loop
      vertex -79.9 -56.1 18.07
      vertex -84 -56.1 2.2
      vertex -84 -56.1 20.8
    endloop
  endfacet
  facet normal 0 1 0
    outer loop
      vertex -12 -56.1 15.32
      vertex -84 -56.1 2.2
      vertex -79.9 -56.1 18.07
    endloop
  endfacet
  facet normal 0 -1 0
    outer loop
      vertex -12 -56.1 18.07
      vertex 12 -56.1 19.27
      vertex -12 -56.1 19.27
    endloop
  endfacet
  facet normal 0 -1 -0
    outer loop
      vertex 12 -56.1 19.27
      vertex -12 -56.1 18.07
      vertex 12 -56.1 18.07
    endloop
  endfacet
  facet normal -0.0871403 0.996196 0
    outer loop
      vertex 84.2778 -56.0757 2.2
      vertex 84 -56.1 20.8
      vertex 84.2778 -56.0757 20.8
    endloop
  endfacet
  facet normal -0.0871403 0.996196 0
    outer loop
      vertex 84 -56.1 20.8
      vertex 84.2778 -56.0757 2.2
      vertex 84 -56.1 2.2
    endloop
  endfacet
  facet normal 0.0871403 0.996196 -0
    outer loop
      vertex -84 -56.1 2.2
      vertex -84.2778 -56.0757 20.8
      vertex -84 -56.1 20.8
    endloop
  endfacet
  facet normal 0.0871403 0.996196 0
    outer loop
      vertex -84.2778 -56.0757 20.8
      vertex -84 -56.1 2.2
      vertex -84.2778 -56.0757 2.2
    endloop
  endfacet
  facet normal -1 0 0
    outer loop
      vertex 85.6 54.5 2.2
      vertex 85.6 50.4 18.07
      vertex 85.6 54.5 20.8
    endloop
  endfacet
  facet normal -1 0 0
    outer loop
      vertex 85.6 54.5 2.2
      vertex 85.6 -50.4 18.07
      vertex 85.6 50.4 18.07
    endloop
  endfacet
  facet normal -1 0 0
    outer loop
      vertex 85.6 -54.5 20.8
      vertex 85.6 -50.4 18.07
      vertex 85.6 -54.5 2.2
    endloop
  endfacet
  facet normal -1 0 0
    outer loop
      vertex 85.6 -54.5 2.2
      vertex 85.6 -50.4 18.07
      vertex 85.6 54.5 2.2
    endloop
  endfacet
  facet normal -1 0 0
    outer loop
      vertex 85.6 50.4 19.27
      vertex 85.6 54.5 20.8
      vertex 85.6 50.4 18.07
    endloop
  endfacet
  facet normal -1 0 0
    outer loop
      vertex 85.6 -50.4 19.27
      vertex 85.6 54.5 20.8
      vertex 85.6 50.4 19.27
    endloop
  endfacet
  facet normal -1 0 0
    outer loop
      vertex 85.6 -50.4 19.27
      vertex 85.6 -54.5 20.8
      vertex 85.6 54.5 20.8
    endloop
  endfacet
  facet normal -1 0 0
    outer loop
      vertex 85.6 -50.4 18.07
      vertex 85.6 -54.5 20.8
      vertex 85.6 -50.4 19.27
    endloop
  endfacet
  facet normal -0.707107 -0.707107 0
    outer loop
      vertex 85.2257 55.5285 2.2
      vertex 85.0285 55.7257 20.8
      vertex 85.0285 55.7257 2.2
    endloop
  endfacet
  facet normal -0.707107 -0.707107 0
    outer loop
      vertex 85.0285 55.7257 20.8
      vertex 85.2257 55.5285 2.2
      vertex 85.2257 55.5285 20.8
    endloop
  endfacet
  facet normal 0.707107 -0.707107 0
    outer loop
      vertex -85.2257 55.5285 20.8
      vertex -85.0285 55.7257 2.2
      vertex -85.0285 55.7257 20.8
    endloop
  endfacet
  facet normal 0.707107 -0.707107 0
    outer loop
      vertex -85.0285 55.7257 2.2
      vertex -85.2257 55.5285 20.8
      vertex -85.2257 55.5285 2.2
    endloop
  endfacet
  facet normal -0.906284 0.42267 0
    outer loop
      vertex 85.3856 -55.3 2.2
      vertex 85.5035 -55.0472 20.8
      vertex 85.5035 -55.0472 2.2
    endloop
  endfacet
  facet normal -0.906284 0.42267 0
    outer loop
      vertex 85.5035 -55.0472 20.8
      vertex 85.3856 -55.3 2.2
      vertex 85.3856 -55.3 20.8
    endloop
  endfacet
  facet normal 0.258868 0.965913 -0
    outer loop
      vertex -84.2778 -56.0757 2.2
      vertex -84.5472 -56.0035 20.8
      vertex -84.2778 -56.0757 20.8
    endloop
  endfacet
  facet normal 0.258868 0.965913 0
    outer loop
      vertex -84.5472 -56.0035 20.8
      vertex -84.2778 -56.0757 2.2
      vertex -84.5472 -56.0035 2.2
    endloop
  endfacet
  facet normal 0.573342 0.819316 -0
    outer loop
      vertex -84.8 -55.8856 2.2
      vertex -85.0285 -55.7257 20.8
      vertex -84.8 -55.8856 20.8
    endloop
  endfacet
  facet normal 0.573342 0.819316 0
    outer loop
      vertex -85.0285 -55.7257 20.8
      vertex -84.8 -55.8856 2.2
      vertex -85.0285 -55.7257 2.2
    endloop
  endfacet
  facet normal 0.819316 0.573342 0
    outer loop
      vertex -85.2257 -55.5285 20.8
      vertex -85.3856 -55.3 2.2
      vertex -85.3856 -55.3 20.8
    endloop
  endfacet
  facet normal 0.819316 0.573342 0
    outer loop
      vertex -85.3856 -55.3 2.2
      vertex -85.2257 -55.5285 20.8
      vertex -85.2257 -55.5285 2.2
    endloop
  endfacet
  facet normal -0.996196 0.0871403 0
    outer loop
      vertex 85.5757 -54.7778 2.2
      vertex 85.6 -54.5 20.8
      vertex 85.6 -54.5 2.2
    endloop
  endfacet
  facet normal -0.996196 0.0871403 0
    outer loop
      vertex 85.6 -54.5 20.8
      vertex 85.5757 -54.7778 2.2
      vertex 85.5757 -54.7778 20.8
    endloop
  endfacet
  facet normal -0.42267 0.906284 0
    outer loop
      vertex 84.8 -55.8856 2.2
      vertex 84.5472 -56.0035 20.8
      vertex 84.8 -55.8856 20.8
    endloop
  endfacet
  facet normal -0.42267 0.906284 0
    outer loop
      vertex 84.5472 -56.0035 20.8
      vertex 84.8 -55.8856 2.2
      vertex 84.5472 -56.0035 2.2
    endloop
  endfacet
  facet normal 0.996196 -0.0871403 0
    outer loop
      vertex -85.6 54.5 20.8
      vertex -85.5757 54.7778 2.2
      vertex -85.5757 54.7778 20.8
    endloop
  endfacet
  facet normal 0.996196 -0.0871403 0
    outer loop
      vertex -85.5757 54.7778 2.2
      vertex -85.6 54.5 20.8
      vertex -85.6 54.5 2.2
    endloop
  endfacet
  facet normal 0.965913 0.258868 0
    outer loop
      vertex -85.5035 -55.0472 20.8
      vertex -85.5757 -54.7778 2.2
      vertex -85.5757 -54.7778 20.8
    endloop
  endfacet
  facet normal 0.965913 0.258868 0
    outer loop
      vertex -85.5757 -54.7778 2.2
      vertex -85.5035 -55.0472 20.8
      vertex -85.5035 -55.0472 2.2
    endloop
  endfacet
  facet normal 0.573342 -0.819316 0
    outer loop
      vertex -85.0285 55.7257 2.2
      vertex -84.8 55.8856 20.8
      vertex -85.0285 55.7257 20.8
    endloop
  endfacet
  facet normal 0.573342 -0.819316 0
    outer loop
      vertex -84.8 55.8856 20.8
      vertex -85.0285 55.7257 2.2
      vertex -84.8 55.8856 2.2
    endloop
  endfacet
  facet normal -0 0 1
    outer loop
      vertex 37.8 -22.55 2.2
      vertex 39.3 -37.75 2.2
      vertex 40.65 -22.55 2.2
    endloop
  endfacet
  facet normal 0 0 1
    outer loop
      vertex 39.3 -37.75 2.2
      vertex 37.8 -22.55 2.2
      vertex 37.8 -37.75 2.2
    endloop
  endfacet
  facet normal 0 0 1
    outer loop
      vertex 84 56.1 2.2
      vertex 85.6 54.5 2.2
      vertex 85.5757 54.7778 2.2
    endloop
  endfacet
  facet normal 0 0 1
    outer loop
      vertex 85.6 54.5 2.2
      vertex 41.15 -9.64 2.2
      vertex 85.6 -54.5 2.2
    endloop
  endfacet
  facet normal 0 0 1
    outer loop
      vertex 84 56.1 2.2
      vertex 85.5757 54.7778 2.2
      vertex 85.5035 55.0472 2.2
    endloop
  endfacet
  facet normal -0 0 1
    outer loop
      vertex 41.15 -13.64 2.2
      vertex 85.6 -54.5 2.2
      vertex 41.15 -9.64 2.2
    endloop
  endfacet
  facet normal 0 0 1
    outer loop
      vertex 84 56.1 2.2
      vertex 85.5035 55.0472 2.2
      vertex 85.3856 55.3 2.2
    endloop
  endfacet
  facet normal -0 0 1
    outer loop
      vertex 40.65 -22.55 2.2
      vertex 85.6 -54.5 2.2
      vertex 41.15 -13.64 2.2
    endloop
  endfacet
  facet normal 0 0 1
    outer loop
      vertex 84 56.1 2.2
      vertex 85.3856 55.3 2.2
      vertex 85.2257 55.5285 2.2
    endloop
  endfacet
  facet normal -0 0 1
    outer loop
      vertex 39.3 -37.75 2.2
      vertex 85.6 -54.5 2.2
      vertex 40.65 -22.55 2.2
    endloop
  endfacet
  facet normal 0 0 1
    outer loop
      vertex 84 56.1 2.2
      vertex 85.2257 55.5285 2.2
      vertex 85.0285 55.7257 2.2
    endloop
  endfacet
  facet normal 0 -0 1
    outer loop
      vertex 84 -56.1 2.2
      vertex 85.6 -54.5 2.2
      vertex 39.3 -37.75 2.2
    endloop
  endfacet
  facet normal 0 0 1
    outer loop
      vertex 84 56.1 2.2
      vertex 85.0285 55.7257 2.2
      vertex 84.8 55.8856 2.2
    endloop
  endfacet
  facet normal 0 0 1
    outer loop
      vertex 85.5757 -54.7778 2.2
      vertex 84 -56.1 2.2
      vertex 85.5035 -55.0472 2.2
    endloop
  endfacet
  facet normal 0 0 1
    outer loop
      vertex 84 56.1 2.2
      vertex 84.8 55.8856 2.2
      vertex 84.5472 56.0035 2.2
    endloop
  endfacet
  facet normal 0 0 1
    outer loop
      vertex 85.5035 -55.0472 2.2
      vertex 84 -56.1 2.2
      vertex 85.3856 -55.3 2.2
    endloop
  endfacet
  facet normal 0 0 1
    outer loop
      vertex 84 56.1 2.2
      vertex 84.5472 56.0035 2.2
      vertex 84.2778 56.0757 2.2
    endloop
  endfacet
  facet normal 0 0 1
    outer loop
      vertex 85.3856 -55.3 2.2
      vertex 84 -56.1 2.2
      vertex 85.2257 -55.5285 2.2
    endloop
  endfacet
  facet normal 0 0 1
    outer loop
      vertex 85.6 54.5 2.2
      vertex 84 56.1 2.2
      vertex 50.4316 36.7814 2.2
    endloop
  endfacet
  facet normal 0 0 1
    outer loop
      vertex 85.2257 -55.5285 2.2
      vertex 84 -56.1 2.2
      vertex 85.0285 -55.7257 2.2
    endloop
  endfacet
  facet normal 0 0 1
    outer loop
      vertex 85.6 54.5 2.2
      vertex 50.5 36 2.2
      vertex 50.4316 35.2186 2.2
    endloop
  endfacet
  facet normal 0 0 1
    outer loop
      vertex 85.6 54.5 2.2
      vertex 50.4316 36.7814 2.2
      vertex 50.5 36 2.2
    endloop
  endfacet
  facet normal 0 0 1
    outer loop
      vertex 84 56.1 2.2
      vertex 50.2286 37.5391 2.2
      vertex 50.4316 36.7814 2.2
    endloop
  endfacet
  facet normal 0 0 1
    outer loop
      vertex 84 56.1 2.2
      vertex 49.8971 38.25 2.2
      vertex 50.2286 37.5391 2.2
    endloop
  endfacet
  facet normal -0 0 1
    outer loop
      vertex 47.6 44 2.2
      vertex 49.8971 38.25 2.2
      vertex 84 56.1 2.2
    endloop
  endfacet
  facet normal 0 0 1
    outer loop
      vertex 49.8971 38.25 2.2
      vertex 47.6 44 2.2
      vertex 49.4472 38.8925 2.2
    endloop
  endfacet
  facet normal 0 0 1
    outer loop
      vertex 49.4472 38.8925 2.2
      vertex 47.6 44 2.2
      vertex 48.8925 39.4472 2.2
    endloop
  endfacet
  facet normal 0 0 1
    outer loop
      vertex 48.8925 39.4472 2.2
      vertex 47.6 44 2.2
      vertex 48.25 39.8971 2.2
    endloop
  endfacet
  facet normal 0 0 1
    outer loop
      vertex 84 56.1 2.2
      vertex 44.4 44 2.2
      vertex 47.6 44 2.2
    endloop
  endfacet
  facet normal 0 0 1
    outer loop
      vertex 44.4 44 2.2
      vertex 43.75 39.8971 2.2
      vertex 44.4 40.2002 2.2
    endloop
  endfacet
  facet normal 0 0 1
    outer loop
      vertex 44.4 44 2.2
      vertex 43.1075 39.4472 2.2
      vertex 43.75 39.8971 2.2
    endloop
  endfacet
  facet normal 0 0 1
    outer loop
      vertex 44.4 44 2.2
      vertex 42.5528 38.8925 2.2
      vertex 43.1075 39.4472 2.2
    endloop
  endfacet
  facet normal 0 0 1
    outer loop
      vertex 44.4 44 2.2
      vertex 42.1029 38.25 2.2
      vertex 42.5528 38.8925 2.2
    endloop
  endfacet
  facet normal 0 0 1
    outer loop
      vertex 39.3 33.55 2.2
      vertex 42.1029 38.25 2.2
      vertex 44.4 44 2.2
    endloop
  endfacet
  facet normal 0 0 1
    outer loop
      vertex 49.4472 33.1075 2.2
      vertex 40.65 16.55 2.2
      vertex 41.15 -9.64 2.2
    endloop
  endfacet
  facet normal 0 0 1
    outer loop
      vertex 41.5684 35.2186 2.2
      vertex 39.3 33.55 2.2
      vertex 39.3 31.75 2.2
    endloop
  endfacet
  facet normal 0 0 1
    outer loop
      vertex 41.5684 36.7814 2.2
      vertex 39.3 33.55 2.2
      vertex 41.5 36 2.2
    endloop
  endfacet
  facet normal 0 0 1
    outer loop
      vertex 41.7714 37.5391 2.2
      vertex 39.3 33.55 2.2
      vertex 41.5684 36.7814 2.2
    endloop
  endfacet
  facet normal 0 0 1
    outer loop
      vertex 42.1029 38.25 2.2
      vertex 39.3 33.55 2.2
      vertex 41.7714 37.5391 2.2
    endloop
  endfacet
  facet normal -0 0 1
    outer loop
      vertex -44.4 44 2.2
      vertex 39.3 33.55 2.2
      vertex 44.4 44 2.2
    endloop
  endfacet
  facet normal 0 0 1
    outer loop
      vertex -44.4 44 2.2
      vertex 44.4 44 2.2
      vertex 84 56.1 2.2
    endloop
  endfacet
  facet normal 0 0 1
    outer loop
      vertex 39.3 33.55 2.2
      vertex -41.5684 36.7814 2.2
      vertex -41.5 36 2.2
    endloop
  endfacet
  facet normal 0 0 1
    outer loop
      vertex 39.3 33.55 2.2
      vertex -41.7714 37.5391 2.2
      vertex -41.5684 36.7814 2.2
    endloop
  endfacet
  facet normal 0 0 1
    outer loop
      vertex 39.3 33.55 2.2
      vertex -42.1029 38.25 2.2
      vertex -41.7714 37.5391 2.2
    endloop
  endfacet
  facet normal 0 0 1
    outer loop
      vertex 39.3 33.55 2.2
      vertex -44.4 44 2.2
      vertex -42.1029 38.25 2.2
    endloop
  endfacet
  facet normal 0 0 1
    outer loop
      vertex -42.1029 38.25 2.2
      vertex -44.4 44 2.2
      vertex -42.5528 38.8925 2.2
    endloop
  endfacet
  facet normal 0 0 1
    outer loop
      vertex -42.5528 38.8925 2.2
      vertex -44.4 44 2.2
      vertex -43.1075 39.4472 2.2
    endloop
  endfacet
  facet normal 0 0 1
    outer loop
      vertex -43.1075 39.4472 2.2
      vertex -44.4 44 2.2
      vertex -43.75 39.8971 2.2
    endloop
  endfacet
  facet normal -0 0 1
    outer loop
      vertex -84 56.1 2.2
      vertex -44.4 44 2.2
      vertex 84 56.1 2.2
    endloop
  endfacet
  facet normal 0 0 1
    outer loop
      vertex -47.6 44 2.2
      vertex -48.25 39.8971 2.2
      vertex -47.6 40.2002 2.2
    endloop
  endfacet
  facet normal 0 0 1
    outer loop
      vertex -47.6 44 2.2
      vertex -48.8925 39.4472 2.2
      vertex -48.25 39.8971 2.2
    endloop
  endfacet
  facet normal 0 0 1
    outer loop
      vertex -47.6 44 2.2
      vertex -49.4472 38.8925 2.2
      vertex -48.8925 39.4472 2.2
    endloop
  endfacet
  facet normal 0 0 1
    outer loop
      vertex -47.6 44 2.2
      vertex -49.8971 38.25 2.2
      vertex -49.4472 38.8925 2.2
    endloop
  endfacet
  facet normal 0 0 1
    outer loop
      vertex -75.3 33.55 2.2
      vertex -49.8971 38.25 2.2
      vertex -47.6 44 2.2
    endloop
  endfacet
  facet normal 0 0 1
    outer loop
      vertex -50.4316 36.7814 2.2
      vertex -75.3 33.55 2.2
      vertex -50.5 36 2.2
    endloop
  endfacet
  facet normal 0 0 1
    outer loop
      vertex -50.2286 37.5391 2.2
      vertex -75.3 33.55 2.2
      vertex -50.4316 36.7814 2.2
    endloop
  endfacet
  facet normal 0 0 1
    outer loop
      vertex -49.8971 38.25 2.2
      vertex -75.3 33.55 2.2
      vertex -50.2286 37.5391 2.2
    endloop
  endfacet
  facet normal 0 0 1
    outer loop
      vertex -85.6 54.5 2.2
      vertex -75.3 31.75 2.2
      vertex -75.3 33.55 2.2
    endloop
  endfacet
  facet normal 0 0 1
    outer loop
      vertex -75.3 31.75 2.2
      vertex -85.6 -54.5 2.2
      vertex -75.3 -37.75 2.2
    endloop
  endfacet
  facet normal -0 0 1
    outer loop
      vertex -85.6 54.5 2.2
      vertex -75.3 33.55 2.2
      vertex -84 56.1 2.2
    endloop
  endfacet
  facet normal 0 0 1
    outer loop
      vertex -47.6 44 2.2
      vertex -84 56.1 2.2
      vertex -75.3 33.55 2.2
    endloop
  endfacet
  facet normal 0 0 1
    outer loop
      vertex -44.4 44 2.2
      vertex -84 56.1 2.2
      vertex -47.6 44 2.2
    endloop
  endfacet
  facet normal 0 0 1
    outer loop
      vertex 85.6 54.5 2.2
      vertex 50.4316 35.2186 2.2
      vertex 50.2286 34.4609 2.2
    endloop
  endfacet
  facet normal 0 0 1
    outer loop
      vertex 85.6 54.5 2.2
      vertex 50.2286 34.4609 2.2
      vertex 49.8971 33.75 2.2
    endloop
  endfacet
  facet normal 0 0 1
    outer loop
      vertex 85.6 54.5 2.2
      vertex 49.8971 33.75 2.2
      vertex 49.4472 33.1075 2.2
    endloop
  endfacet
  facet normal 0 0 1
    outer loop
      vertex 85.6 54.5 2.2
      vertex 49.4472 33.1075 2.2
      vertex 41.15 -9.64 2.2
    endloop
  endfacet
  facet normal 0 0 1
    outer loop
      vertex 40.65 16.55 2.2
      vertex 49.4472 33.1075 2.2
      vertex 48.8925 32.5528 2.2
    endloop
  endfacet
  facet normal 0 0 1
    outer loop
      vertex 40.65 16.55 2.2
      vertex 48.8925 32.5528 2.2
      vertex 48.25 32.1029 2.2
    endloop
  endfacet
  facet normal 0 0 1
    outer loop
      vertex 40.65 16.55 2.2
      vertex 48.25 32.1029 2.2
      vertex 47.5391 31.7714 2.2
    endloop
  endfacet
  facet normal 0 0 1
    outer loop
      vertex 40.65 16.55 2.2
      vertex 47.5391 31.7714 2.2
      vertex 46.7814 31.5684 2.2
    endloop
  endfacet
  facet normal 0 0 1
    outer loop
      vertex 40.65 16.55 2.2
      vertex 46.7814 31.5684 2.2
      vertex 46 31.5 2.2
    endloop
  endfacet
  facet normal 0 0 1
    outer loop
      vertex 40.65 16.55 2.2
      vertex 46 31.5 2.2
      vertex 45.2186 31.5684 2.2
    endloop
  endfacet
  facet normal 0 0 1
    outer loop
      vertex 40.65 16.55 2.2
      vertex 45.2186 31.5684 2.2
      vertex 44.4609 31.7714 2.2
    endloop
  endfacet
  facet normal 0 0 1
    outer loop
      vertex 40.65 16.55 2.2
      vertex 44.4609 31.7714 2.2
      vertex 43.75 32.1029 2.2
    endloop
  endfacet
  facet normal 0 0 1
    outer loop
      vertex 40.65 16.55 2.2
      vertex 43.75 32.1029 2.2
      vertex 43.1075 32.5528 2.2
    endloop
  endfacet
  facet normal 0 0 1
    outer loop
      vertex 40.65 16.55 2.2
      vertex 43.1075 32.5528 2.2
      vertex 42.5528 33.1075 2.2
    endloop
  endfacet
  facet normal 0 0 1
    outer loop
      vertex 40.65 16.55 2.2
      vertex 42.5528 33.1075 2.2
      vertex 42.1029 33.75 2.2
    endloop
  endfacet
  facet normal 0 0 1
    outer loop
      vertex 40.65 16.55 2.2
      vertex 42.1029 33.75 2.2
      vertex 41.7714 34.4609 2.2
    endloop
  endfacet
  facet normal 0 0 1
    outer loop
      vertex 39.3 33.55 2.2
      vertex 41.5684 35.2186 2.2
      vertex 41.5 36 2.2
    endloop
  endfacet
  facet normal 0 0 1
    outer loop
      vertex 40.65 16.55 2.2
      vertex 41.7714 34.4609 2.2
      vertex 41.5684 35.2186 2.2
    endloop
  endfacet
  facet normal 0 0 1
    outer loop
      vertex 84.8 -55.8856 2.2
      vertex 84 -56.1 2.2
      vertex 84.5472 -56.0035 2.2
    endloop
  endfacet
  facet normal 0 0 1
    outer loop
      vertex 84.5472 -56.0035 2.2
      vertex 84 -56.1 2.2
      vertex 84.2778 -56.0757 2.2
    endloop
  endfacet
  facet normal 0 0 1
    outer loop
      vertex 40.65 -22.55 2.2
      vertex 41.15 -13.64 2.2
      vertex 40.65 -13.64 2.2
    endloop
  endfacet
  facet normal 0 0 1
    outer loop
      vertex 85.0285 -55.7257 2.2
      vertex 84 -56.1 2.2
      vertex 84.8 -55.8856 2.2
    endloop
  endfacet
  facet normal 0 0 1
    outer loop
      vertex 85.6 -54.5 2.2
      vertex 84 -56.1 2.2
      vertex 85.5757 -54.7778 2.2
    endloop
  endfacet
  facet normal -0 0 1
    outer loop
      vertex 39.3 -39.55 2.2
      vertex 84 -56.1 2.2
      vertex 39.3 -37.75 2.2
    endloop
  endfacet
  facet normal 0 0 1
    outer loop
      vertex -84 -56.1 2.2
      vertex 39.3 -39.55 2.2
      vertex -75.3 -39.55 2.2
    endloop
  endfacet
  facet normal 0 0 1
    outer loop
      vertex 39.3 -39.55 2.2
      vertex -84 -56.1 2.2
      vertex 84 -56.1 2.2
    endloop
  endfacet
  facet normal 0 0 1
    outer loop
      vertex -75.3 31.75 2.2
      vertex -85.6 54.5 2.2
      vertex -85.6 -54.5 2.2
    endloop
  endfacet
  facet normal 0 0 1
    outer loop
      vertex -85.6 54.5 2.2
      vertex -84 56.1 2.2
      vertex -84.2778 56.0757 2.2
    endloop
  endfacet
  facet normal 0 0 1
    outer loop
      vertex -75.3 -37.75 2.2
      vertex -85.6 -54.5 2.2
      vertex -75.3 -39.55 2.2
    endloop
  endfacet
  facet normal 0 0 1
    outer loop
      vertex -85.6 54.5 2.2
      vertex -84.2778 56.0757 2.2
      vertex -84.5472 56.0035 2.2
    endloop
  endfacet
  facet normal 0 0 1
    outer loop
      vertex -75.3 -39.55 2.2
      vertex -85.6 -54.5 2.2
      vertex -84 -56.1 2.2
    endloop
  endfacet
  facet normal 0 0 1
    outer loop
      vertex -85.6 54.5 2.2
      vertex -84.5472 56.0035 2.2
      vertex -84.8 55.8856 2.2
    endloop
  endfacet
  facet normal 0 0 1
    outer loop
      vertex -84 -56.1 2.2
      vertex -85.6 -54.5 2.2
      vertex -84.2778 -56.0757 2.2
    endloop
  endfacet
  facet normal 0 0 1
    outer loop
      vertex -85.6 54.5 2.2
      vertex -84.8 55.8856 2.2
      vertex -85.0285 55.7257 2.2
    endloop
  endfacet
  facet normal 0 0 1
    outer loop
      vertex -84.2778 -56.0757 2.2
      vertex -85.6 -54.5 2.2
      vertex -84.5472 -56.0035 2.2
    endloop
  endfacet
  facet normal 0 0 1
    outer loop
      vertex -85.6 54.5 2.2
      vertex -85.0285 55.7257 2.2
      vertex -85.2257 55.5285 2.2
    endloop
  endfacet
  facet normal 0 0 1
    outer loop
      vertex -84.5472 -56.0035 2.2
      vertex -85.6 -54.5 2.2
      vertex -84.8 -55.8856 2.2
    endloop
  endfacet
  facet normal 0 0 1
    outer loop
      vertex -85.6 54.5 2.2
      vertex -85.2257 55.5285 2.2
      vertex -85.3856 55.3 2.2
    endloop
  endfacet
  facet normal 0 0 1
    outer loop
      vertex -84.8 -55.8856 2.2
      vertex -85.6 -54.5 2.2
      vertex -85.0285 -55.7257 2.2
    endloop
  endfacet
  facet normal 0 0 1
    outer loop
      vertex -85.6 54.5 2.2
      vertex -85.3856 55.3 2.2
      vertex -85.5035 55.0472 2.2
    endloop
  endfacet
  facet normal 0 0 1
    outer loop
      vertex -85.0285 -55.7257 2.2
      vertex -85.6 -54.5 2.2
      vertex -85.2257 -55.5285 2.2
    endloop
  endfacet
  facet normal 0 0 1
    outer loop
      vertex -85.6 54.5 2.2
      vertex -85.5035 55.0472 2.2
      vertex -85.5757 54.7778 2.2
    endloop
  endfacet
  facet normal 0 0 1
    outer loop
      vertex -85.2257 -55.5285 2.2
      vertex -85.6 -54.5 2.2
      vertex -85.3856 -55.3 2.2
    endloop
  endfacet
  facet normal 0 0 1
    outer loop
      vertex -85.3856 -55.3 2.2
      vertex -85.6 -54.5 2.2
      vertex -85.5035 -55.0472 2.2
    endloop
  endfacet
  facet normal 0 0 1
    outer loop
      vertex -85.5035 -55.0472 2.2
      vertex -85.6 -54.5 2.2
      vertex -85.5757 -54.7778 2.2
    endloop
  endfacet
  facet normal 0 0 1
    outer loop
      vertex 48.25 39.8971 2.2
      vertex 47.6 44 2.2
      vertex 47.6 40.2002 2.2
    endloop
  endfacet
  facet normal 0 0 1
    outer loop
      vertex 41.15 -9.64 2.2
      vertex 40.65 16.55 2.2
      vertex 40.65 -9.64 2.2
    endloop
  endfacet
  facet normal 0 0 1
    outer loop
      vertex 41.5684 35.2186 2.2
      vertex 39.3 31.75 2.2
      vertex 40.65 16.55 2.2
    endloop
  endfacet
  facet normal 0 0 1
    outer loop
      vertex 37.8 16.55 2.2
      vertex 39.3 31.75 2.2
      vertex 37.8 31.75 2.2
    endloop
  endfacet
  facet normal 0 0 1
    outer loop
      vertex 39.3 31.75 2.2
      vertex 37.8 16.55 2.2
      vertex 40.65 16.55 2.2
    endloop
  endfacet
  facet normal -0 0 1
    outer loop
      vertex -41.5684 35.2186 2.2
      vertex 39.3 33.55 2.2
      vertex -41.5 36 2.2
    endloop
  endfacet
  facet normal -0 0 1
    outer loop
      vertex -41.7714 34.4609 2.2
      vertex 39.3 33.55 2.2
      vertex -41.5684 35.2186 2.2
    endloop
  endfacet
  facet normal -0 0 1
    outer loop
      vertex -42.1029 33.75 2.2
      vertex 39.3 33.55 2.2
      vertex -41.7714 34.4609 2.2
    endloop
  endfacet
  facet normal 0 0 1
    outer loop
      vertex 39.3 33.55 2.2
      vertex -42.1029 33.75 2.2
      vertex -42.2429 33.55 2.2
    endloop
  endfacet
  facet normal 0 0 1
    outer loop
      vertex -43.75 39.8971 2.2
      vertex -44.4 44 2.2
      vertex -44.4 40.2002 2.2
    endloop
  endfacet
  facet normal 0 0 1
    outer loop
      vertex -49.8971 33.75 2.2
      vertex -75.3 33.55 2.2
      vertex -49.7571 33.55 2.2
    endloop
  endfacet
  facet normal 0 0 1
    outer loop
      vertex -50.2286 34.4609 2.2
      vertex -75.3 33.55 2.2
      vertex -49.8971 33.75 2.2
    endloop
  endfacet
  facet normal 0 0 1
    outer loop
      vertex -50.4316 35.2186 2.2
      vertex -75.3 33.55 2.2
      vertex -50.2286 34.4609 2.2
    endloop
  endfacet
  facet normal 0 0 1
    outer loop
      vertex -75.3 33.55 2.2
      vertex -50.4316 35.2186 2.2
      vertex -50.5 36 2.2
    endloop
  endfacet
  facet normal -0 0 1
    outer loop
      vertex -75.3 31.75 2.2
      vertex -73.8 -37.75 2.2
      vertex -73.8 31.75 2.2
    endloop
  endfacet
  facet normal 0 0 1
    outer loop
      vertex -73.8 -37.75 2.2
      vertex -75.3 31.75 2.2
      vertex -75.3 -37.75 2.2
    endloop
  endfacet
  facet normal 0 0 1
    outer loop
      vertex 36 31.75 2.2
      vertex 27.65 16.55 2.2
      vertex 36 16.55 2.2
    endloop
  endfacet
  facet normal 0 0 1
    outer loop
      vertex 27.65 16.55 2.2
      vertex 27.15 -9.64 2.2
      vertex 27.65 -9.64 2.2
    endloop
  endfacet
  facet normal 0 0 1
    outer loop
      vertex 27.15 -9.64 2.2
      vertex -44.5407 31.75 2.2
      vertex 27.15 -13.64 2.2
    endloop
  endfacet
  facet normal 0 0 1
    outer loop
      vertex 27.65 16.55 2.2
      vertex -44.5407 31.75 2.2
      vertex 27.15 -9.64 2.2
    endloop
  endfacet
  facet normal -0 0 1
    outer loop
      vertex -44.5407 31.75 2.2
      vertex 27.65 16.55 2.2
      vertex 36 31.75 2.2
    endloop
  endfacet
  facet normal 0 0 1
    outer loop
      vertex 27.65 -13.64 2.2
      vertex 27.15 -13.64 2.2
      vertex 27.65 -22.55 2.2
    endloop
  endfacet
  facet normal -0 0 1
    outer loop
      vertex 27.65 -22.55 2.2
      vertex 36 -37.75 2.2
      vertex 36 -22.55 2.2
    endloop
  endfacet
  facet normal 0 0 1
    outer loop
      vertex -72 -37.75 2.2
      vertex 27.15 -13.64 2.2
      vertex -44.5407 31.75 2.2
    endloop
  endfacet
  facet normal 0 0 1
    outer loop
      vertex 27.15 -13.64 2.2
      vertex -72 -37.75 2.2
      vertex 27.65 -22.55 2.2
    endloop
  endfacet
  facet normal 0 0 1
    outer loop
      vertex -72 -37.75 2.2
      vertex -44.5407 31.75 2.2
      vertex -45.2186 31.5684 2.2
    endloop
  endfacet
  facet normal 0 0 1
    outer loop
      vertex -72 -37.75 2.2
      vertex -45.2186 31.5684 2.2
      vertex -46 31.5 2.2
    endloop
  endfacet
  facet normal 0 0 1
    outer loop
      vertex -72 -37.75 2.2
      vertex -46 31.5 2.2
      vertex -46.7814 31.5684 2.2
    endloop
  endfacet
  facet normal 0 0 1
    outer loop
      vertex -72 -37.75 2.2
      vertex -46.7814 31.5684 2.2
      vertex -47.4593 31.75 2.2
    endloop
  endfacet
  facet normal 0 0 1
    outer loop
      vertex -72 -37.75 2.2
      vertex -47.4593 31.75 2.2
      vertex -72 31.75 2.2
    endloop
  endfacet
  facet normal 0 0 1
    outer loop
      vertex 27.65 -22.55 2.2
      vertex -72 -37.75 2.2
      vertex 36 -37.75 2.2
    endloop
  endfacet
  facet normal -0.258868 -0.965913 0
    outer loop
      vertex 84.2778 56.0757 2.2
      vertex 84.5472 56.0035 20.8
      vertex 84.2778 56.0757 20.8
    endloop
  endfacet
  facet normal -0.258868 -0.965913 -0
    outer loop
      vertex 84.5472 56.0035 20.8
      vertex 84.2778 56.0757 2.2
      vertex 84.5472 56.0035 2.2
    endloop
  endfacet
  facet normal -0.258868 0.965913 0
    outer loop
      vertex 84.5472 -56.0035 2.2
      vertex 84.2778 -56.0757 20.8
      vertex 84.5472 -56.0035 20.8
    endloop
  endfacet
  facet normal -0.258868 0.965913 0
    outer loop
      vertex 84.2778 -56.0757 20.8
      vertex 84.5472 -56.0035 2.2
      vertex 84.2778 -56.0757 2.2
    endloop
  endfacet
  facet normal -0.906284 -0.42267 0
    outer loop
      vertex 85.5035 55.0472 2.2
      vertex 85.3856 55.3 20.8
      vertex 85.3856 55.3 2.2
    endloop
  endfacet
  facet normal -0.906284 -0.42267 0
    outer loop
      vertex 85.3856 55.3 20.8
      vertex 85.5035 55.0472 2.2
      vertex 85.5035 55.0472 20.8
    endloop
  endfacet
  facet normal 0.42267 0.906284 -0
    outer loop
      vertex -84.5472 -56.0035 2.2
      vertex -84.8 -55.8856 20.8
      vertex -84.5472 -56.0035 20.8
    endloop
  endfacet
  facet normal 0.42267 0.906284 0
    outer loop
      vertex -84.8 -55.8856 20.8
      vertex -84.5472 -56.0035 2.2
      vertex -84.8 -55.8856 2.2
    endloop
  endfacet
  facet normal 0.965913 -0.258868 0
    outer loop
      vertex -85.5757 54.7778 20.8
      vertex -85.5035 55.0472 2.2
      vertex -85.5035 55.0472 20.8
    endloop
  endfacet
  facet normal 0.965913 -0.258868 0
    outer loop
      vertex -85.5035 55.0472 2.2
      vertex -85.5757 54.7778 20.8
      vertex -85.5757 54.7778 2.2
    endloop
  endfacet
  facet normal -0.42267 -0.906284 0
    outer loop
      vertex 84.5472 56.0035 2.2
      vertex 84.8 55.8856 20.8
      vertex 84.5472 56.0035 20.8
    endloop
  endfacet
  facet normal -0.42267 -0.906284 -0
    outer loop
      vertex 84.8 55.8856 20.8
      vertex 84.5472 56.0035 2.2
      vertex 84.8 55.8856 2.2
    endloop
  endfacet
  facet normal 0.258868 -0.965913 0
    outer loop
      vertex -84.5472 56.0035 2.2
      vertex -84.2778 56.0757 20.8
      vertex -84.5472 56.0035 20.8
    endloop
  endfacet
  facet normal 0.258868 -0.965913 0
    outer loop
      vertex -84.2778 56.0757 20.8
      vertex -84.5472 56.0035 2.2
      vertex -84.2778 56.0757 2.2
    endloop
  endfacet
  facet normal -0.0871403 -0.996196 0
    outer loop
      vertex 84 56.1 2.2
      vertex 84.2778 56.0757 20.8
      vertex 84 56.1 20.8
    endloop
  endfacet
  facet normal -0.0871403 -0.996196 -0
    outer loop
      vertex 84.2778 56.0757 20.8
      vertex 84 56.1 2.2
      vertex 84.2778 56.0757 2.2
    endloop
  endfacet
  facet normal -0.573342 0.819316 0
    outer loop
      vertex 85.0285 -55.7257 2.2
      vertex 84.8 -55.8856 20.8
      vertex 85.0285 -55.7257 20.8
    endloop
  endfacet
  facet normal -0.573342 0.819316 0
    outer loop
      vertex 84.8 -55.8856 20.8
      vertex 85.0285 -55.7257 2.2
      vertex 84.8 -55.8856 2.2
    endloop
  endfacet
  facet normal -0.819316 -0.573342 0
    outer loop
      vertex 85.3856 55.3 2.2
      vertex 85.2257 55.5285 20.8
      vertex 85.2257 55.5285 2.2
    endloop
  endfacet
  facet normal -0.819316 -0.573342 0
    outer loop
      vertex 85.2257 55.5285 20.8
      vertex 85.3856 55.3 2.2
      vertex 85.3856 55.3 20.8
    endloop
  endfacet
  facet normal -0.965913 -0.258868 0
    outer loop
      vertex 85.5757 54.7778 2.2
      vertex 85.5035 55.0472 20.8
      vertex 85.5035 55.0472 2.2
    endloop
  endfacet
  facet normal -0.965913 -0.258868 0
    outer loop
      vertex 85.5035 55.0472 20.8
      vertex 85.5757 54.7778 2.2
      vertex 85.5757 54.7778 20.8
    endloop
  endfacet
  facet normal -0.965913 0.258868 0
    outer loop
      vertex 85.5035 -55.0472 2.2
      vertex 85.5757 -54.7778 20.8
      vertex 85.5757 -54.7778 2.2
    endloop
  endfacet
  facet normal -0.965913 0.258868 0
    outer loop
      vertex 85.5757 -54.7778 20.8
      vertex 85.5035 -55.0472 2.2
      vertex 85.5035 -55.0472 20.8
    endloop
  endfacet
  facet normal 0.819316 -0.573342 0
    outer loop
      vertex -85.3856 55.3 20.8
      vertex -85.2257 55.5285 2.2
      vertex -85.2257 55.5285 20.8
    endloop
  endfacet
  facet normal 0.819316 -0.573342 0
    outer loop
      vertex -85.2257 55.5285 2.2
      vertex -85.3856 55.3 20.8
      vertex -85.3856 55.3 2.2
    endloop
  endfacet
  facet normal 0.906284 0.42267 0
    outer loop
      vertex -85.3856 -55.3 20.8
      vertex -85.5035 -55.0472 2.2
      vertex -85.5035 -55.0472 20.8
    endloop
  endfacet
  facet normal 0.906284 0.42267 0
    outer loop
      vertex -85.5035 -55.0472 2.2
      vertex -85.3856 -55.3 20.8
      vertex -85.3856 -55.3 2.2
    endloop
  endfacet
  facet normal -1 0 0
    outer loop
      vertex 12 -58.5 15.32
      vertex 12 -56.1 18.07
      vertex 12 -56.1 15.32
    endloop
  endfacet
  facet normal -1 0 0
    outer loop
      vertex 12 -58.5 20.8
      vertex 12 -56.1 18.07
      vertex 12 -58.5 15.32
    endloop
  endfacet
  facet normal -1 0 0
    outer loop
      vertex 12 -56.1 18.07
      vertex 12 -58.5 20.8
      vertex 12 -56.1 19.27
    endloop
  endfacet
  facet normal -1 0 0
    outer loop
      vertex 12 -56.1 19.27
      vertex 12 -58.5 20.8
      vertex 12 -56.1 20.8
    endloop
  endfacet
  facet normal -0 0 1
    outer loop
      vertex -12 -56.1 15.32
      vertex 12 -58.5 15.32
      vertex 12 -56.1 15.32
    endloop
  endfacet
  facet normal 0 0 1
    outer loop
      vertex 12 -58.5 15.32
      vertex -12 -56.1 15.32
      vertex -12 -58.5 15.32
    endloop
  endfacet
  facet normal 1 -0 0
    outer loop
      vertex -12 -58.5 20.8
      vertex -12 -56.1 19.27
      vertex -12 -56.1 20.8
    endloop
  endfacet
  facet normal 1 0 0
    outer loop
      vertex -12 -56.1 19.27
      vertex -12 -58.5 20.8
      vertex -12 -56.1 18.07
    endloop
  endfacet
  facet normal 1 0 0
    outer loop
      vertex -12 -58.5 15.32
      vertex -12 -56.1 18.07
      vertex -12 -58.5 20.8
    endloop
  endfacet
  facet normal 1 0 0
    outer loop
      vertex -12 -56.1 18.07
      vertex -12 -58.5 15.32
      vertex -12 -56.1 15.32
    endloop
  endfacet
  facet normal -1 0 0
    outer loop
      vertex 41.15 -13.64 2.1
      vertex 41.15 -9.64 2.2
      vertex 41.15 -9.64 2.1
    endloop
  endfacet
  facet normal -1 -0 0
    outer loop
      vertex 41.15 -9.64 2.2
      vertex 41.15 -13.64 2.1
      vertex 41.15 -13.64 2.2
    endloop
  endfacet
  facet normal -0 0 1
    outer loop
      vertex 40.65 -9.64 2.1
      vertex 41.15 -13.64 2.1
      vertex 41.15 -9.64 2.1
    endloop
  endfacet
  facet normal 0 0 1
    outer loop
      vertex 41.15 -13.64 2.1
      vertex 40.65 -9.64 2.1
      vertex 40.65 -13.64 2.1
    endloop
  endfacet
  facet normal -0 0 1
    outer loop
      vertex 27.15 -9.64 2.1
      vertex 27.65 -13.64 2.1
      vertex 27.65 -9.64 2.1
    endloop
  endfacet
  facet normal 0 0 1
    outer loop
      vertex 27.65 -13.64 2.1
      vertex 27.15 -9.64 2.1
      vertex 27.15 -13.64 2.1
    endloop
  endfacet
  facet normal 1 -0 0
    outer loop
      vertex 27.15 -13.64 2.2
      vertex 27.15 -9.64 2.1
      vertex 27.15 -9.64 2.2
    endloop
  endfacet
  facet normal 1 0 0
    outer loop
      vertex 27.15 -9.64 2.1
      vertex 27.15 -13.64 2.2
      vertex 27.15 -13.64 2.1
    endloop
  endfacet
  facet normal 0 -1 0
    outer loop
      vertex 40.65 -9.64 2.1
      vertex 41.15 -9.64 2.2
      vertex 40.65 -9.64 2.2
    endloop
  endfacet
  facet normal 0 -1 -0
    outer loop
      vertex 41.15 -9.64 2.2
      vertex 40.65 -9.64 2.1
      vertex 41.15 -9.64 2.1
    endloop
  endfacet
  facet normal 0 -1 0
    outer loop
      vertex 27.15 -9.64 2.1
      vertex 27.65 -9.64 2.2
      vertex 27.15 -9.64 2.2
    endloop
  endfacet
  facet normal 0 -1 -0
    outer loop
      vertex 27.65 -9.64 2.2
      vertex 27.15 -9.64 2.1
      vertex 27.65 -9.64 2.1
    endloop
  endfacet
  facet normal 0 1 -0
    outer loop
      vertex 41.15 -13.64 2.1
      vertex 40.65 -13.64 2.2
      vertex 41.15 -13.64 2.2
    endloop
  endfacet
  facet normal 0 1 0
    outer loop
      vertex 40.65 -13.64 2.2
      vertex 41.15 -13.64 2.1
      vertex 40.65 -13.64 2.1
    endloop
  endfacet
  facet normal 0 1 -0
    outer loop
      vertex 27.65 -13.64 2.1
      vertex 27.15 -13.64 2.2
      vertex 27.65 -13.64 2.2
    endloop
  endfacet
  facet normal 0 1 0
    outer loop
      vertex 27.15 -13.64 2.2
      vertex 27.65 -13.64 2.1
      vertex 27.15 -13.64 2.1
    endloop
  endfacet
  facet normal 1 -0 0
    outer loop
      vertex 39.3 31.75 16
      vertex 39.3 33.55 2.2
      vertex 39.3 33.55 16
    endloop
  endfacet
  facet normal 1 0 0
    outer loop
      vertex 39.3 33.55 2.2
      vertex 39.3 31.75 16
      vertex 39.3 31.75 2.2
    endloop
  endfacet
  facet normal 0 0 1
    outer loop
      vertex 39.3 33.55 16
      vertex 37.8 31.75 16
      vertex 39.3 31.75 16
    endloop
  endfacet
  facet normal 0 0 1
    outer loop
      vertex 37.8 31.75 16
      vertex 36 31.75 16
      vertex 37.8 -37.75 16
    endloop
  endfacet
  facet normal 0 0 1
    outer loop
      vertex 39.3 33.55 16
      vertex 36 31.75 16
      vertex 37.8 31.75 16
    endloop
  endfacet
  facet normal 0 0 1
    outer loop
      vertex 39.3 33.55 16
      vertex -72 31.75 16
      vertex 36 31.75 16
    endloop
  endfacet
  facet normal 0 0 1
    outer loop
      vertex -72 31.75 16
      vertex -73.8 31.75 16
      vertex -72 -37.75 16
    endloop
  endfacet
  facet normal -0 0 1
    outer loop
      vertex -75.3 33.55 16
      vertex -72 31.75 16
      vertex 39.3 33.55 16
    endloop
  endfacet
  facet normal 0 0 1
    outer loop
      vertex -72 31.75 16
      vertex -75.3 33.55 16
      vertex -73.8 31.75 16
    endloop
  endfacet
  facet normal 0 0 1
    outer loop
      vertex -73.8 31.75 16
      vertex -75.3 33.55 16
      vertex -75.3 31.75 16
    endloop
  endfacet
  facet normal -0 0 1
    outer loop
      vertex 37.8 -37.75 16
      vertex 39.3 -39.55 16
      vertex 39.3 -37.75 16
    endloop
  endfacet
  facet normal 0 0 1
    outer loop
      vertex 36 -37.75 16
      vertex 37.8 -37.75 16
      vertex 36 31.75 16
    endloop
  endfacet
  facet normal -0 0 1
    outer loop
      vertex 36 -37.75 16
      vertex 39.3 -39.55 16
      vertex 37.8 -37.75 16
    endloop
  endfacet
  facet normal -0 0 1
    outer loop
      vertex -72 -37.75 16
      vertex 39.3 -39.55 16
      vertex 36 -37.75 16
    endloop
  endfacet
  facet normal 0 0 1
    outer loop
      vertex -73.8 -37.75 16
      vertex -72 -37.75 16
      vertex -73.8 31.75 16
    endloop
  endfacet
  facet normal 0 0 1
    outer loop
      vertex -75.3 -39.55 16
      vertex -72 -37.75 16
      vertex -73.8 -37.75 16
    endloop
  endfacet
  facet normal 0 0 1
    outer loop
      vertex -75.3 -39.55 16
      vertex -73.8 -37.75 16
      vertex -75.3 -37.75 16
    endloop
  endfacet
  facet normal 0 0 1
    outer loop
      vertex -72 -37.75 16
      vertex -75.3 -39.55 16
      vertex 39.3 -39.55 16
    endloop
  endfacet
  facet normal -1 0 0
    outer loop
      vertex -75.3 31.75 2.2
      vertex -75.3 33.55 16
      vertex -75.3 33.55 2.2
    endloop
  endfacet
  facet normal -1 -0 0
    outer loop
      vertex -75.3 33.55 16
      vertex -75.3 31.75 2.2
      vertex -75.3 31.75 16
    endloop
  endfacet
  facet normal 0 1 0
    outer loop
      vertex 39.3 33.55 16
      vertex -42.2429 33.55 3.1
      vertex -75.3 33.55 16
    endloop
  endfacet
  facet normal 0 1 -0
    outer loop
      vertex 39.3 33.55 2.2
      vertex -42.2429 33.55 3.1
      vertex 39.3 33.55 16
    endloop
  endfacet
  facet normal 0 1 0
    outer loop
      vertex -42.2429 33.55 3.1
      vertex 39.3 33.55 2.2
      vertex -42.2429 33.55 2.2
    endloop
  endfacet
  facet normal 0 1 -0
    outer loop
      vertex -49.7571 33.55 3.1
      vertex -75.3 33.55 16
      vertex -42.2429 33.55 3.1
    endloop
  endfacet
  facet normal 0 1 0
    outer loop
      vertex -75.3 33.55 2.2
      vertex -49.7571 33.55 3.1
      vertex -49.7571 33.55 2.2
    endloop
  endfacet
  facet normal 0 1 0
    outer loop
      vertex -49.7571 33.55 3.1
      vertex -75.3 33.55 2.2
      vertex -75.3 33.55 16
    endloop
  endfacet
  facet normal 0 -1 0
    outer loop
      vertex -75.3 31.75 2.2
      vertex -73.8 31.75 16
      vertex -75.3 31.75 16
    endloop
  endfacet
  facet normal 0 -1 -0
    outer loop
      vertex -73.8 31.75 16
      vertex -75.3 31.75 2.2
      vertex -73.8 31.75 2.2
    endloop
  endfacet
  facet normal 0 -1 0
    outer loop
      vertex 37.8 31.75 2.2
      vertex 39.3 31.75 16
      vertex 37.8 31.75 16
    endloop
  endfacet
  facet normal 0 -1 -0
    outer loop
      vertex 39.3 31.75 16
      vertex 37.8 31.75 2.2
      vertex 39.3 31.75 2.2
    endloop
  endfacet
  facet normal 0 -1 0
    outer loop
      vertex -44.5407 31.75 3.1
      vertex -72 31.75 16
      vertex -47.4593 31.75 3.1
    endloop
  endfacet
  facet normal 0 -1 0
    outer loop
      vertex -72 31.75 2.2
      vertex -47.4593 31.75 3.1
      vertex -72 31.75 16
    endloop
  endfacet
  facet normal 0 -1 -0
    outer loop
      vertex -47.4593 31.75 3.1
      vertex -72 31.75 2.2
      vertex -47.4593 31.75 2.2
    endloop
  endfacet
  facet normal 0 -1 0
    outer loop
      vertex -72 31.75 16
      vertex -44.5407 31.75 3.1
      vertex 36 31.75 16
    endloop
  endfacet
  facet normal 0 -1 0
    outer loop
      vertex 36 31.75 2.2
      vertex -44.5407 31.75 3.1
      vertex -44.5407 31.75 2.2
    endloop
  endfacet
  facet normal 0 -1 0
    outer loop
      vertex -44.5407 31.75 3.1
      vertex 36 31.75 2.2
      vertex 36 31.75 16
    endloop
  endfacet
  facet normal 1 -0 0
    outer loop
      vertex 39.3 -39.55 16
      vertex 39.3 -37.75 2.2
      vertex 39.3 -37.75 16
    endloop
  endfacet
  facet normal 1 0 0
    outer loop
      vertex 39.3 -37.75 2.2
      vertex 39.3 -39.55 16
      vertex 39.3 -39.55 2.2
    endloop
  endfacet
  facet normal -1 0 0
    outer loop
      vertex -75.3 -39.55 2.2
      vertex -75.3 -37.75 16
      vertex -75.3 -37.75 2.2
    endloop
  endfacet
  facet normal -1 -0 0
    outer loop
      vertex -75.3 -37.75 16
      vertex -75.3 -39.55 2.2
      vertex -75.3 -39.55 16
    endloop
  endfacet
  facet normal 0 1 -0
    outer loop
      vertex -73.8 -37.75 2.2
      vertex -75.3 -37.75 16
      vertex -73.8 -37.75 16
    endloop
  endfacet
  facet normal 0 1 0
    outer loop
      vertex -75.3 -37.75 16
      vertex -73.8 -37.75 2.2
      vertex -75.3 -37.75 2.2
    endloop
  endfacet
  facet normal 0 1 -0
    outer loop
      vertex 39.3 -37.75 2.2
      vertex 37.8 -37.75 16
      vertex 39.3 -37.75 16
    endloop
  endfacet
  facet normal 0 1 0
    outer loop
      vertex 37.8 -37.75 16
      vertex 39.3 -37.75 2.2
      vertex 37.8 -37.75 2.2
    endloop
  endfacet
  facet normal 0 1 -0
    outer loop
      vertex 36 -37.75 2.2
      vertex -72 -37.75 16
      vertex 36 -37.75 16
    endloop
  endfacet
  facet normal 0 1 0
    outer loop
      vertex -72 -37.75 16
      vertex 36 -37.75 2.2
      vertex -72 -37.75 2.2
    endloop
  endfacet
  facet normal 0 -1 0
    outer loop
      vertex -75.3 -39.55 2.2
      vertex 39.3 -39.55 16
      vertex -75.3 -39.55 16
    endloop
  endfacet
  facet normal 0 -1 -0
    outer loop
      vertex 39.3 -39.55 16
      vertex -75.3 -39.55 2.2
      vertex 39.3 -39.55 2.2
    endloop
  endfacet
  facet normal 1 -0 0
    outer loop
      vertex -72 -37.75 16
      vertex -72 31.75 2.2
      vertex -72 31.75 16
    endloop
  endfacet
  facet normal 1 0 0
    outer loop
      vertex -72 31.75 2.2
      vertex -72 -37.75 16
      vertex -72 -37.75 2.2
    endloop
  endfacet
  facet normal -1 0 0
    outer loop
      vertex -73.8 -37.75 2.2
      vertex -73.8 31.75 16
      vertex -73.8 31.75 2.2
    endloop
  endfacet
  facet normal -1 -0 0
    outer loop
      vertex -73.8 31.75 16
      vertex -73.8 -37.75 2.2
      vertex -73.8 -37.75 16
    endloop
  endfacet
  facet normal 1 0 0
    outer loop
      vertex 37.8 31.75 16
      vertex 37.8 16.55 6.95
      vertex 37.8 31.75 2.2
    endloop
  endfacet
  facet normal 1 0 0
    outer loop
      vertex 37.8 31.75 16
      vertex 37.8 7 12.6
      vertex 37.8 16.55 6.95
    endloop
  endfacet
  facet normal 1 0 0
    outer loop
      vertex 37.8 31.75 16
      vertex 37.8 -13 12.6
      vertex 37.8 7 12.6
    endloop
  endfacet
  facet normal 1 0 0
    outer loop
      vertex 37.8 -13 12.6
      vertex 37.8 -22.55 6.95
      vertex 37.8 -13 6.95
    endloop
  endfacet
  facet normal 1 -0 0
    outer loop
      vertex 37.8 -37.75 16
      vertex 37.8 -13 12.6
      vertex 37.8 31.75 16
    endloop
  endfacet
  facet normal 1 0 0
    outer loop
      vertex 37.8 -37.75 16
      vertex 37.8 -22.55 6.95
      vertex 37.8 -13 12.6
    endloop
  endfacet
  facet normal 1 0 0
    outer loop
      vertex 37.8 -37.75 2.2
      vertex 37.8 -22.55 6.95
      vertex 37.8 -37.75 16
    endloop
  endfacet
  facet normal 1 0 0
    outer loop
      vertex 37.8 -22.55 6.95
      vertex 37.8 -37.75 2.2
      vertex 37.8 -22.55 2.2
    endloop
  endfacet
  facet normal 1 0 0
    outer loop
      vertex 37.8 31.75 2.2
      vertex 37.8 16.55 6.95
      vertex 37.8 16.55 2.2
    endloop
  endfacet
  facet normal 1 0 0
    outer loop
      vertex 37.8 16.55 6.95
      vertex 37.8 7 12.6
      vertex 37.8 7 6.95
    endloop
  endfacet
  facet normal -1 0 0
    outer loop
      vertex 36 -22.55 2.2
      vertex 36 -37.75 2.2
      vertex 36 -22.55 6.95
    endloop
  endfacet
  facet normal -1 0 0
    outer loop
      vertex 36 16.55 6.95
      vertex 36 31.75 2.2
      vertex 36 16.55 2.2
    endloop
  endfacet
  facet normal -1 0 0
    outer loop
      vertex 36 31.75 2.2
      vertex 36 16.55 6.95
      vertex 36 31.75 16
    endloop
  endfacet
  facet normal -1 0 0
    outer loop
      vertex 36 -22.55 6.95
      vertex 36 31.75 16
      vertex 36 16.55 6.95
    endloop
  endfacet
  facet normal -1 0 0
    outer loop
      vertex 36 -22.55 6.95
      vertex 36 -37.75 16
      vertex 36 31.75 16
    endloop
  endfacet
  facet normal -1 0 0
    outer loop
      vertex 36 -37.75 16
      vertex 36 -22.55 6.95
      vertex 36 -37.75 2.2
    endloop
  endfacet
  facet normal 1 -0 0
    outer loop
      vertex 79.9 50.4 19.27
      vertex 79.9 56.1 18.07
      vertex 79.9 56.1 19.27
    endloop
  endfacet
  facet normal 1 0 0
    outer loop
      vertex 79.9 56.1 18.07
      vertex 79.9 50.4 19.27
      vertex 79.9 50.4 18.07
    endloop
  endfacet
  facet normal 0 0 1
    outer loop
      vertex 79.9 56.1 19.27
      vertex -79.9 56.1 19.27
      vertex 79.9 50.4 19.27
    endloop
  endfacet
  facet normal 0 0 1
    outer loop
      vertex 85.6 50.4 19.27
      vertex 82.6 49.96 19.27
      vertex 85.6 -50.4 19.27
    endloop
  endfacet
  facet normal -0 0 1
    outer loop
      vertex 79.9 50.4 19.27
      vertex 82.6 49.96 19.27
      vertex 85.6 50.4 19.27
    endloop
  endfacet
  facet normal 0 0 1
    outer loop
      vertex -79.9 50.4 19.27
      vertex 79.9 50.4 19.27
      vertex -79.9 56.1 19.27
    endloop
  endfacet
  facet normal 0 0 1
    outer loop
      vertex 79.9 50.4 19.27
      vertex -79.9 50.4 19.27
      vertex 82.6 49.96 19.27
    endloop
  endfacet
  facet normal 0 0 1
    outer loop
      vertex -79.9 50.4 19.27
      vertex -82.6 49.96 19.27
      vertex 82.6 49.96 19.27
    endloop
  endfacet
  facet normal 0 0 1
    outer loop
      vertex -82.6 49.96 19.27
      vertex -85.6 50.4 19.27
      vertex -82.6 -49.96 19.27
    endloop
  endfacet
  facet normal -0 0 1
    outer loop
      vertex -85.6 50.4 19.27
      vertex -82.6 49.96 19.27
      vertex -79.9 50.4 19.27
    endloop
  endfacet
  facet normal -0 0 1
    outer loop
      vertex 82.6 -49.96 19.27
      vertex 85.6 -50.4 19.27
      vertex 82.6 49.96 19.27
    endloop
  endfacet
  facet normal 0 0 1
    outer loop
      vertex 82.6 -49.96 19.27
      vertex 79.9 -50.4 19.27
      vertex 85.6 -50.4 19.27
    endloop
  endfacet
  facet normal 0 0 1
    outer loop
      vertex 79.9 -50.4 19.27
      vertex 12 -56.1 19.27
      vertex 79.9 -56.1 19.27
    endloop
  endfacet
  facet normal 0 0 1
    outer loop
      vertex 82.6 -49.96 19.27
      vertex 12 -56.1 19.27
      vertex 79.9 -50.4 19.27
    endloop
  endfacet
  facet normal 0 0 1
    outer loop
      vertex 82.6 -49.96 19.27
      vertex -12 -56.1 19.27
      vertex 12 -56.1 19.27
    endloop
  endfacet
  facet normal -0 0 1
    outer loop
      vertex -82.6 -49.96 19.27
      vertex -12 -56.1 19.27
      vertex 82.6 -49.96 19.27
    endloop
  endfacet
  facet normal 0 0 1
    outer loop
      vertex -12 -56.1 19.27
      vertex -82.6 -49.96 19.27
      vertex -79.9 -50.4 19.27
    endloop
  endfacet
  facet normal 0 0 1
    outer loop
      vertex -82.6 -49.96 19.27
      vertex -85.6 -50.4 19.27
      vertex -79.9 -50.4 19.27
    endloop
  endfacet
  facet normal 0 0 1
    outer loop
      vertex -85.6 -50.4 19.27
      vertex -82.6 -49.96 19.27
      vertex -85.6 50.4 19.27
    endloop
  endfacet
  facet normal 0 0 1
    outer loop
      vertex -12 -56.1 19.27
      vertex -79.9 -50.4 19.27
      vertex -79.9 -56.1 19.27
    endloop
  endfacet
  facet normal 0 0 -1
    outer loop
      vertex 79.9 -56.1 18.07
      vertex 12 -56.1 18.07
      vertex 79.9 -50.4 18.07
    endloop
  endfacet
  facet normal 0 0 -1
    outer loop
      vertex 85.6 -50.4 18.07
      vertex 82.6 -49.96 18.07
      vertex 85.6 50.4 18.07
    endloop
  endfacet
  facet normal 0 0 -1
    outer loop
      vertex 79.9 -50.4 18.07
      vertex 82.6 -49.96 18.07
      vertex 85.6 -50.4 18.07
    endloop
  endfacet
  facet normal 0 0 -1
    outer loop
      vertex 12 -56.1 18.07
      vertex 82.6 -49.96 18.07
      vertex 79.9 -50.4 18.07
    endloop
  endfacet
  facet normal 0 0 -1
    outer loop
      vertex -12 -56.1 18.07
      vertex 82.6 -49.96 18.07
      vertex 12 -56.1 18.07
    endloop
  endfacet
  facet normal 0 0 -1
    outer loop
      vertex -79.9 -50.4 18.07
      vertex -12 -56.1 18.07
      vertex -79.9 -56.1 18.07
    endloop
  endfacet
  facet normal 0 0 -1
    outer loop
      vertex -82.6 -49.96 18.07
      vertex -12 -56.1 18.07
      vertex -79.9 -50.4 18.07
    endloop
  endfacet
  facet normal 0 0 -1
    outer loop
      vertex -12 -56.1 18.07
      vertex -82.6 -49.96 18.07
      vertex 82.6 -49.96 18.07
    endloop
  endfacet
  facet normal -0 0 -1
    outer loop
      vertex -82.6 -49.96 18.07
      vertex -85.6 -50.4 18.07
      vertex -82.6 49.96 18.07
    endloop
  endfacet
  facet normal 0 0 -1
    outer loop
      vertex -85.6 -50.4 18.07
      vertex -82.6 -49.96 18.07
      vertex -79.9 -50.4 18.07
    endloop
  endfacet
  facet normal 0 0 -1
    outer loop
      vertex 82.6 49.96 18.07
      vertex 85.6 50.4 18.07
      vertex 82.6 -49.96 18.07
    endloop
  endfacet
  facet normal 0 0 -1
    outer loop
      vertex 82.6 49.96 18.07
      vertex 79.9 50.4 18.07
      vertex 85.6 50.4 18.07
    endloop
  endfacet
  facet normal 0 0 -1
    outer loop
      vertex 79.9 50.4 18.07
      vertex -79.9 50.4 18.07
      vertex 79.9 56.1 18.07
    endloop
  endfacet
  facet normal 0 0 -1
    outer loop
      vertex 82.6 49.96 18.07
      vertex -79.9 50.4 18.07
      vertex 79.9 50.4 18.07
    endloop
  endfacet
  facet normal 0 0 -1
    outer loop
      vertex -82.6 49.96 18.07
      vertex -79.9 50.4 18.07
      vertex 82.6 49.96 18.07
    endloop
  endfacet
  facet normal 0 0 -1
    outer loop
      vertex -82.6 49.96 18.07
      vertex -85.6 50.4 18.07
      vertex -79.9 50.4 18.07
    endloop
  endfacet
  facet normal 0 0 -1
    outer loop
      vertex -85.6 50.4 18.07
      vertex -82.6 49.96 18.07
      vertex -85.6 -50.4 18.07
    endloop
  endfacet
  facet normal -0 0 -1
    outer loop
      vertex 79.9 56.1 18.07
      vertex -79.9 50.4 18.07
      vertex -79.9 56.1 18.07
    endloop
  endfacet
  facet normal -1 0 0
    outer loop
      vertex -79.9 50.4 18.07
      vertex -79.9 56.1 19.27
      vertex -79.9 56.1 18.07
    endloop
  endfacet
  facet normal -1 -0 0
    outer loop
      vertex -79.9 56.1 19.27
      vertex -79.9 50.4 18.07
      vertex -79.9 50.4 19.27
    endloop
  endfacet
  facet normal 1 -0 0
    outer loop
      vertex 79.9 -56.1 19.27
      vertex 79.9 -50.4 18.07
      vertex 79.9 -50.4 19.27
    endloop
  endfacet
  facet normal 1 0 0
    outer loop
      vertex 79.9 -50.4 18.07
      vertex 79.9 -56.1 19.27
      vertex 79.9 -56.1 18.07
    endloop
  endfacet
  facet normal -1 0 0
    outer loop
      vertex -79.9 -56.1 18.07
      vertex -79.9 -50.4 19.27
      vertex -79.9 -50.4 18.07
    endloop
  endfacet
  facet normal -1 -0 0
    outer loop
      vertex -79.9 -50.4 19.27
      vertex -79.9 -56.1 18.07
      vertex -79.9 -56.1 19.27
    endloop
  endfacet
  facet normal 0 1 -0
    outer loop
      vertex -79.9 50.4 18.07
      vertex -85.6 50.4 19.27
      vertex -79.9 50.4 19.27
    endloop
  endfacet
  facet normal 0 1 0
    outer loop
      vertex -85.6 50.4 19.27
      vertex -79.9 50.4 18.07
      vertex -85.6 50.4 18.07
    endloop
  endfacet
  facet normal 0 -1 0
    outer loop
      vertex -85.6 -50.4 18.07
      vertex -79.9 -50.4 19.27
      vertex -85.6 -50.4 19.27
    endloop
  endfacet
  facet normal 0 -1 -0
    outer loop
      vertex -79.9 -50.4 19.27
      vertex -85.6 -50.4 18.07
      vertex -79.9 -50.4 18.07
    endloop
  endfacet
  facet normal 0 1 -0
    outer loop
      vertex 85.6 50.4 18.07
      vertex 79.9 50.4 19.27
      vertex 85.6 50.4 19.27
    endloop
  endfacet
  facet normal 0 1 0
    outer loop
      vertex 79.9 50.4 19.27
      vertex 85.6 50.4 18.07
      vertex 79.9 50.4 18.07
    endloop
  endfacet
  facet normal 0 -1 0
    outer loop
      vertex 79.9 -50.4 18.07
      vertex 85.6 -50.4 19.27
      vertex 79.9 -50.4 19.27
    endloop
  endfacet
  facet normal 0 -1 -0
    outer loop
      vertex 85.6 -50.4 19.27
      vertex 79.9 -50.4 18.07
      vertex 85.6 -50.4 18.07
    endloop
  endfacet
  facet normal 0 0 -1
    outer loop
      vertex 37 -13 12.6
      vertex 37.8 7 12.6
      vertex 37.8 -13 12.6
    endloop
  endfacet
  facet normal -0 0 -1
    outer loop
      vertex 37.8 7 12.6
      vertex 37 -13 12.6
      vertex 37 7 12.6
    endloop
  endfacet
  facet normal 1 -0 0
    outer loop
      vertex 37 -13 12.6
      vertex 37 7 6.95
      vertex 37 7 12.6
    endloop
  endfacet
  facet normal 1 0 0
    outer loop
      vertex 37 7 6.95
      vertex 37 -13 12.6
      vertex 37 -13 6.95
    endloop
  endfacet
  facet normal 0 -1 0
    outer loop
      vertex 37 7 6.95
      vertex 37.8 7 12.6
      vertex 37 7 12.6
    endloop
  endfacet
  facet normal 0 -1 -0
    outer loop
      vertex 37.8 7 12.6
      vertex 37 7 6.95
      vertex 37.8 7 6.95
    endloop
  endfacet
  facet normal 0 1 -0
    outer loop
      vertex 37.8 -13 6.95
      vertex 37 -13 12.6
      vertex 37.8 -13 12.6
    endloop
  endfacet
  facet normal 0 1 0
    outer loop
      vertex 37 -13 12.6
      vertex 37.8 -13 6.95
      vertex 37 -13 6.95
    endloop
  endfacet
  facet normal 0 0 -1
    outer loop
      vertex 37.8 -22.55 6.95
      vertex 37 -13 6.95
      vertex 37.8 -13 6.95
    endloop
  endfacet
  facet normal -0 0 -1
    outer loop
      vertex 37 -13 6.95
      vertex 36 -22.55 6.95
      vertex 37 7 6.95
    endloop
  endfacet
  facet normal 0 0 -1
    outer loop
      vertex 36 -22.55 6.95
      vertex 37 -13 6.95
      vertex 37.8 -22.55 6.95
    endloop
  endfacet
  facet normal 0 0 -1
    outer loop
      vertex 37 7 6.95
      vertex 37.8 16.55 6.95
      vertex 37.8 7 6.95
    endloop
  endfacet
  facet normal 0 0 -1
    outer loop
      vertex 37 7 6.95
      vertex 36 16.55 6.95
      vertex 37.8 16.55 6.95
    endloop
  endfacet
  facet normal 0 0 -1
    outer loop
      vertex 36 16.55 6.95
      vertex 37 7 6.95
      vertex 36 -22.55 6.95
    endloop
  endfacet
  facet normal -0 0 1
    outer loop
      vertex 27.65 16.55 1.45
      vertex 40.65 -22.55 1.45
      vertex 40.65 16.55 1.45
    endloop
  endfacet
  facet normal 0 0 1
    outer loop
      vertex 40.65 -22.55 1.45
      vertex 27.65 16.55 1.45
      vertex 27.65 -22.55 1.45
    endloop
  endfacet
  facet normal -1 0 0
    outer loop
      vertex 40.65 16.55 1.45
      vertex 40.65 -9.64 2.1
      vertex 40.65 16.55 2.2
    endloop
  endfacet
  facet normal -1 0 0
    outer loop
      vertex 40.65 -22.55 1.45
      vertex 40.65 -9.64 2.1
      vertex 40.65 16.55 1.45
    endloop
  endfacet
  facet normal -1 -0 0
    outer loop
      vertex 40.65 -9.64 2.1
      vertex 40.65 -22.55 1.45
      vertex 40.65 -13.64 2.1
    endloop
  endfacet
  facet normal -1 0 0
    outer loop
      vertex 40.65 -22.55 2.2
      vertex 40.65 -13.64 2.1
      vertex 40.65 -22.55 1.45
    endloop
  endfacet
  facet normal -1 0 0
    outer loop
      vertex 40.65 -13.64 2.1
      vertex 40.65 -22.55 2.2
      vertex 40.65 -13.64 2.2
    endloop
  endfacet
  facet normal -1 -0 0
    outer loop
      vertex 40.65 16.55 2.2
      vertex 40.65 -9.64 2.1
      vertex 40.65 -9.64 2.2
    endloop
  endfacet
  facet normal 1 0 0
    outer loop
      vertex 27.65 -13.64 2.2
      vertex 27.65 -22.55 2.2
      vertex 27.65 -13.64 2.1
    endloop
  endfacet
  facet normal 1 0 0
    outer loop
      vertex 27.65 -9.64 2.1
      vertex 27.65 16.55 2.2
      vertex 27.65 -9.64 2.2
    endloop
  endfacet
  facet normal 1 0 0
    outer loop
      vertex 27.65 16.55 2.2
      vertex 27.65 -9.64 2.1
      vertex 27.65 16.55 1.45
    endloop
  endfacet
  facet normal 1 0 0
    outer loop
      vertex 27.65 -22.55 1.45
      vertex 27.65 -9.64 2.1
      vertex 27.65 -13.64 2.1
    endloop
  endfacet
  facet normal 1 0 0
    outer loop
      vertex 27.65 -22.55 1.45
      vertex 27.65 -13.64 2.1
      vertex 27.65 -22.55 2.2
    endloop
  endfacet
  facet normal 1 0 0
    outer loop
      vertex 27.65 -9.64 2.1
      vertex 27.65 -22.55 1.45
      vertex 27.65 16.55 1.45
    endloop
  endfacet
  facet normal 0 -1 0
    outer loop
      vertex 27.65 16.55 1.45
      vertex 36 16.55 2.2
      vertex 27.65 16.55 2.2
    endloop
  endfacet
  facet normal 0 -1 0
    outer loop
      vertex 40.65 16.55 1.45
      vertex 36 16.55 2.2
      vertex 27.65 16.55 1.45
    endloop
  endfacet
  facet normal 0 -1 0
    outer loop
      vertex 36 16.55 2.2
      vertex 40.65 16.55 1.45
      vertex 37.8 16.55 2.2
    endloop
  endfacet
  facet normal 0 -1 0
    outer loop
      vertex 37.8 16.55 2.2
      vertex 40.65 16.55 1.45
      vertex 40.65 16.55 2.2
    endloop
  endfacet
  facet normal 0 -1 0
    outer loop
      vertex 36 16.55 2.2
      vertex 37.8 16.55 6.95
      vertex 36 16.55 6.95
    endloop
  endfacet
  facet normal 0 -1 -0
    outer loop
      vertex 37.8 16.55 6.95
      vertex 36 16.55 2.2
      vertex 37.8 16.55 2.2
    endloop
  endfacet
  facet normal 0 1 -0
    outer loop
      vertex 40.65 -22.55 1.45
      vertex 37.8 -22.55 2.2
      vertex 40.65 -22.55 2.2
    endloop
  endfacet
  facet normal 0 1 0
    outer loop
      vertex 37.8 -22.55 2.2
      vertex 40.65 -22.55 1.45
      vertex 36 -22.55 2.2
    endloop
  endfacet
  facet normal 0 1 0
    outer loop
      vertex 27.65 -22.55 1.45
      vertex 36 -22.55 2.2
      vertex 40.65 -22.55 1.45
    endloop
  endfacet
  facet normal 0 1 0
    outer loop
      vertex 36 -22.55 2.2
      vertex 27.65 -22.55 1.45
      vertex 27.65 -22.55 2.2
    endloop
  endfacet
  facet normal 0 1 -0
    outer loop
      vertex 37.8 -22.55 2.2
      vertex 36 -22.55 6.95
      vertex 37.8 -22.55 6.95
    endloop
  endfacet
  facet normal 0 1 0
    outer loop
      vertex 36 -22.55 6.95
      vertex 37.8 -22.55 2.2
      vertex 36 -22.55 2.2
    endloop
  endfacet
  facet normal -0.0872017 0.996191 0
    outer loop
      vertex -45.2186 31.5684 0
      vertex -46 31.5 2.2
      vertex -45.2186 31.5684 2.2
    endloop
  endfacet
  facet normal -0.0872017 0.996191 0
    outer loop
      vertex -46 31.5 2.2
      vertex -45.2186 31.5684 0
      vertex -46 31.5 0
    endloop
  endfacet
  facet normal -0.965934 -0.258789 0
    outer loop
      vertex -41.5684 36.7814 0
      vertex -41.7714 37.5391 2.2
      vertex -41.7714 37.5391 0
    endloop
  endfacet
  facet normal -0.965934 -0.258789 0
    outer loop
      vertex -41.7714 37.5391 2.2
      vertex -41.5684 36.7814 0
      vertex -41.5684 36.7814 2.2
    endloop
  endfacet
  facet normal -0.996191 -0.0872017 0
    outer loop
      vertex -41.5 36 0
      vertex -41.5684 36.7814 2.2
      vertex -41.5684 36.7814 0
    endloop
  endfacet
  facet normal -0.996191 -0.0872017 0
    outer loop
      vertex -41.5684 36.7814 2.2
      vertex -41.5 36 0
      vertex -41.5 36 2.2
    endloop
  endfacet
  facet normal -0.906307 -0.42262 0
    outer loop
      vertex -41.7714 37.5391 0
      vertex -42.1029 38.25 2.2
      vertex -42.1029 38.25 0
    endloop
  endfacet
  facet normal -0.906307 -0.42262 0
    outer loop
      vertex -42.1029 38.25 2.2
      vertex -41.7714 37.5391 0
      vertex -41.7714 37.5391 2.2
    endloop
  endfacet
  facet normal 0.422618 -0.906308 0
    outer loop
      vertex -48.25 39.8971 0
      vertex -47.6 40.2002 2.2
      vertex -48.25 39.8971 2.2
    endloop
  endfacet
  facet normal 0.422618 -0.906308 0
    outer loop
      vertex -47.6 40.2002 2.2
      vertex -48.25 39.8971 0
      vertex -47.6 40.2002 0
    endloop
  endfacet
  facet normal 0.573591 -0.819142 0
    outer loop
      vertex -48.8925 39.4472 0
      vertex -48.25 39.8971 2.2
      vertex -48.8925 39.4472 2.2
    endloop
  endfacet
  facet normal 0.573591 -0.819142 0
    outer loop
      vertex -48.25 39.8971 2.2
      vertex -48.8925 39.4472 0
      vertex -48.25 39.8971 0
    endloop
  endfacet
  facet normal 0.42262 0.906307 -0
    outer loop
      vertex -47.5391 31.7714 0
      vertex -48.25 32.1029 3.1
      vertex -47.5391 31.7714 3.1
    endloop
  endfacet
  facet normal 0.42262 0.906307 0
    outer loop
      vertex -48.25 32.1029 3.1
      vertex -47.5391 31.7714 0
      vertex -48.25 32.1029 0
    endloop
  endfacet
  facet normal -0.259018 0.965872 0
    outer loop
      vertex -44.4609 31.7714 3.1
      vertex -44.5407 31.75 2.2
      vertex -44.5407 31.75 3.1
    endloop
  endfacet
  facet normal -0.259018 0.965872 0
    outer loop
      vertex -44.4609 31.7714 0
      vertex -44.5407 31.75 2.2
      vertex -44.4609 31.7714 3.1
    endloop
  endfacet
  facet normal -0.258789 0.965934 8.91218e-06
    outer loop
      vertex -45.2186 31.5684 0
      vertex -44.5407 31.75 2.2
      vertex -44.4609 31.7714 0
    endloop
  endfacet
  facet normal -0.258762 0.965941 0
    outer loop
      vertex -44.5407 31.75 2.2
      vertex -45.2186 31.5684 0
      vertex -45.2186 31.5684 2.2
    endloop
  endfacet
  facet normal -0.573591 -0.819142 0
    outer loop
      vertex -43.75 39.8971 0
      vertex -43.1075 39.4472 2.2
      vertex -43.75 39.8971 2.2
    endloop
  endfacet
  facet normal -0.573591 -0.819142 -0
    outer loop
      vertex -43.1075 39.4472 2.2
      vertex -43.75 39.8971 0
      vertex -43.1075 39.4472 0
    endloop
  endfacet
  facet normal 0.965934 -0.258789 0
    outer loop
      vertex -50.4316 36.7814 2.2
      vertex -50.2286 37.5391 0
      vertex -50.2286 37.5391 2.2
    endloop
  endfacet
  facet normal 0.965934 -0.258789 0
    outer loop
      vertex -50.2286 37.5391 0
      vertex -50.4316 36.7814 2.2
      vertex -50.4316 36.7814 0
    endloop
  endfacet
  facet normal 0.965934 0.258789 0
    outer loop
      vertex -50.2286 34.4609 2.2
      vertex -50.4316 35.2186 0
      vertex -50.4316 35.2186 2.2
    endloop
  endfacet
  facet normal 0.965934 0.258789 0
    outer loop
      vertex -50.4316 35.2186 0
      vertex -50.2286 34.4609 2.2
      vertex -50.2286 34.4609 0
    endloop
  endfacet
  facet normal -0.819232 0.573462 0
    outer loop
      vertex -42.1029 33.75 0
      vertex -42.2429 33.55 2.2
      vertex -42.1029 33.75 2.2
    endloop
  endfacet
  facet normal -0.819142 0.573591 1.73854e-05
    outer loop
      vertex -42.5528 33.1075 0
      vertex -42.2429 33.55 2.2
      vertex -42.1029 33.75 0
    endloop
  endfacet
  facet normal -0.819101 0.573649 0
    outer loop
      vertex -42.5528 33.1075 3.1
      vertex -42.2429 33.55 2.2
      vertex -42.5528 33.1075 0
    endloop
  endfacet
  facet normal -0.819101 0.573649 0
    outer loop
      vertex -42.2429 33.55 2.2
      vertex -42.5528 33.1075 3.1
      vertex -42.2429 33.55 3.1
    endloop
  endfacet
  facet normal -0.422618 -0.906308 0
    outer loop
      vertex -44.4 40.2002 0
      vertex -43.75 39.8971 2.2
      vertex -44.4 40.2002 2.2
    endloop
  endfacet
  facet normal -0.422618 -0.906308 -0
    outer loop
      vertex -43.75 39.8971 2.2
      vertex -44.4 40.2002 0
      vertex -43.75 39.8971 0
    endloop
  endfacet
  facet normal 0.258762 0.965941 0
    outer loop
      vertex -46.7814 31.5684 2.2
      vertex -46.7814 31.5684 0
      vertex -47.4593 31.75 2.2
    endloop
  endfacet
  facet normal 0.259018 0.965872 -0
    outer loop
      vertex -47.4593 31.75 2.2
      vertex -47.5391 31.7714 3.1
      vertex -47.4593 31.75 3.1
    endloop
  endfacet
  facet normal 0.259018 0.965872 0
    outer loop
      vertex -47.4593 31.75 2.2
      vertex -47.5391 31.7714 0
      vertex -47.5391 31.7714 3.1
    endloop
  endfacet
  facet normal 0.258789 0.965934 8.91218e-06
    outer loop
      vertex -47.5391 31.7714 0
      vertex -47.4593 31.75 2.2
      vertex -46.7814 31.5684 0
    endloop
  endfacet
  facet normal 0.996191 0.0872017 0
    outer loop
      vertex -50.4316 35.2186 2.2
      vertex -50.5 36 0
      vertex -50.5 36 2.2
    endloop
  endfacet
  facet normal 0.996191 0.0872017 0
    outer loop
      vertex -50.5 36 0
      vertex -50.4316 35.2186 2.2
      vertex -50.4316 35.2186 0
    endloop
  endfacet
  facet normal -0.965934 0.258789 0
    outer loop
      vertex -41.7714 34.4609 0
      vertex -41.5684 35.2186 2.2
      vertex -41.5684 35.2186 0
    endloop
  endfacet
  facet normal -0.965934 0.258789 0
    outer loop
      vertex -41.5684 35.2186 2.2
      vertex -41.7714 34.4609 0
      vertex -41.7714 34.4609 2.2
    endloop
  endfacet
  facet normal -0.707107 -0.707107 0
    outer loop
      vertex -42.5528 38.8925 0
      vertex -43.1075 39.4472 2.2
      vertex -43.1075 39.4472 0
    endloop
  endfacet
  facet normal -0.707107 -0.707107 0
    outer loop
      vertex -43.1075 39.4472 2.2
      vertex -42.5528 38.8925 0
      vertex -42.5528 38.8925 2.2
    endloop
  endfacet
  facet normal 0.707107 0.707107 0
    outer loop
      vertex -48.8925 32.5528 3.1
      vertex -49.4472 33.1075 0
      vertex -49.4472 33.1075 3.1
    endloop
  endfacet
  facet normal 0.707107 0.707107 0
    outer loop
      vertex -49.4472 33.1075 0
      vertex -48.8925 32.5528 3.1
      vertex -48.8925 32.5528 0
    endloop
  endfacet
  facet normal -0.707107 0.707107 0
    outer loop
      vertex -43.1075 32.5528 0
      vertex -42.5528 33.1075 3.1
      vertex -42.5528 33.1075 0
    endloop
  endfacet
  facet normal -0.707107 0.707107 0
    outer loop
      vertex -42.5528 33.1075 3.1
      vertex -43.1075 32.5528 0
      vertex -43.1075 32.5528 3.1
    endloop
  endfacet
  facet normal -0.819142 -0.573591 0
    outer loop
      vertex -42.1029 38.25 0
      vertex -42.5528 38.8925 2.2
      vertex -42.5528 38.8925 0
    endloop
  endfacet
  facet normal -0.819142 -0.573591 0
    outer loop
      vertex -42.5528 38.8925 2.2
      vertex -42.1029 38.25 0
      vertex -42.1029 38.25 2.2
    endloop
  endfacet
  facet normal 0.996191 -0.0872017 0
    outer loop
      vertex -50.5 36 2.2
      vertex -50.4316 36.7814 0
      vertex -50.4316 36.7814 2.2
    endloop
  endfacet
  facet normal 0.996191 -0.0872017 0
    outer loop
      vertex -50.4316 36.7814 0
      vertex -50.5 36 2.2
      vertex -50.5 36 0
    endloop
  endfacet
  facet normal -0.996191 0.0872017 0
    outer loop
      vertex -41.5684 35.2186 0
      vertex -41.5 36 2.2
      vertex -41.5 36 0
    endloop
  endfacet
  facet normal -0.996191 0.0872017 0
    outer loop
      vertex -41.5 36 2.2
      vertex -41.5684 35.2186 0
      vertex -41.5684 35.2186 2.2
    endloop
  endfacet
  facet normal 0.573591 0.819142 -0
    outer loop
      vertex -48.25 32.1029 0
      vertex -48.8925 32.5528 3.1
      vertex -48.25 32.1029 3.1
    endloop
  endfacet
  facet normal 0.573591 0.819142 0
    outer loop
      vertex -48.8925 32.5528 3.1
      vertex -48.25 32.1029 0
      vertex -48.8925 32.5528 0
    endloop
  endfacet
  facet normal -0.906307 0.42262 0
    outer loop
      vertex -42.1029 33.75 0
      vertex -41.7714 34.4609 2.2
      vertex -41.7714 34.4609 0
    endloop
  endfacet
  facet normal -0.906307 0.42262 0
    outer loop
      vertex -41.7714 34.4609 2.2
      vertex -42.1029 33.75 0
      vertex -42.1029 33.75 2.2
    endloop
  endfacet
  facet normal -0.573591 0.819142 0
    outer loop
      vertex -43.1075 32.5528 0
      vertex -43.75 32.1029 3.1
      vertex -43.1075 32.5528 3.1
    endloop
  endfacet
  facet normal -0.573591 0.819142 0
    outer loop
      vertex -43.75 32.1029 3.1
      vertex -43.1075 32.5528 0
      vertex -43.75 32.1029 0
    endloop
  endfacet
  facet normal 0.906307 0.42262 0
    outer loop
      vertex -49.8971 33.75 2.2
      vertex -50.2286 34.4609 0
      vertex -50.2286 34.4609 2.2
    endloop
  endfacet
  facet normal 0.906307 0.42262 0
    outer loop
      vertex -50.2286 34.4609 0
      vertex -49.8971 33.75 2.2
      vertex -49.8971 33.75 0
    endloop
  endfacet
  facet normal 0.819101 0.573649 0
    outer loop
      vertex -49.7571 33.55 3.1
      vertex -49.4472 33.1075 3.1
      vertex -49.7571 33.55 2.2
    endloop
  endfacet
  facet normal 0.819232 0.573462 0
    outer loop
      vertex -49.7571 33.55 2.2
      vertex -49.8971 33.75 0
      vertex -49.8971 33.75 2.2
    endloop
  endfacet
  facet normal 0.819101 0.573649 -0
    outer loop
      vertex -49.4472 33.1075 0
      vertex -49.7571 33.55 2.2
      vertex -49.4472 33.1075 3.1
    endloop
  endfacet
  facet normal 0.819142 0.573591 1.73854e-05
    outer loop
      vertex -49.7571 33.55 2.2
      vertex -49.4472 33.1075 0
      vertex -49.8971 33.75 0
    endloop
  endfacet
  facet normal 0.707107 -0.707107 0
    outer loop
      vertex -49.4472 38.8925 2.2
      vertex -48.8925 39.4472 0
      vertex -48.8925 39.4472 2.2
    endloop
  endfacet
  facet normal 0.707107 -0.707107 0
    outer loop
      vertex -48.8925 39.4472 0
      vertex -49.4472 38.8925 2.2
      vertex -49.4472 38.8925 0
    endloop
  endfacet
  facet normal -0.42262 0.906307 0
    outer loop
      vertex -43.75 32.1029 0
      vertex -44.4609 31.7714 3.1
      vertex -43.75 32.1029 3.1
    endloop
  endfacet
  facet normal -0.42262 0.906307 0
    outer loop
      vertex -44.4609 31.7714 3.1
      vertex -43.75 32.1029 0
      vertex -44.4609 31.7714 0
    endloop
  endfacet
  facet normal 0.0872017 0.996191 -0
    outer loop
      vertex -46 31.5 0
      vertex -46.7814 31.5684 2.2
      vertex -46 31.5 2.2
    endloop
  endfacet
  facet normal 0.0872017 0.996191 0
    outer loop
      vertex -46.7814 31.5684 2.2
      vertex -46 31.5 0
      vertex -46.7814 31.5684 0
    endloop
  endfacet
  facet normal 0.906307 -0.42262 0
    outer loop
      vertex -50.2286 37.5391 2.2
      vertex -49.8971 38.25 0
      vertex -49.8971 38.25 2.2
    endloop
  endfacet
  facet normal 0.906307 -0.42262 0
    outer loop
      vertex -49.8971 38.25 0
      vertex -50.2286 37.5391 2.2
      vertex -50.2286 37.5391 0
    endloop
  endfacet
  facet normal 0.819142 -0.573591 0
    outer loop
      vertex -49.8971 38.25 2.2
      vertex -49.4472 38.8925 0
      vertex -49.4472 38.8925 2.2
    endloop
  endfacet
  facet normal 0.819142 -0.573591 0
    outer loop
      vertex -49.4472 38.8925 0
      vertex -49.8971 38.25 2.2
      vertex -49.8971 38.25 0
    endloop
  endfacet
  facet normal 0 0 -1
    outer loop
      vertex -43.1075 32.5528 3.1
      vertex -42.2429 33.55 3.1
      vertex -42.5528 33.1075 3.1
    endloop
  endfacet
  facet normal 0 0 -1
    outer loop
      vertex -43.75 32.1029 3.1
      vertex -42.2429 33.55 3.1
      vertex -43.1075 32.5528 3.1
    endloop
  endfacet
  facet normal 0 0 -1
    outer loop
      vertex -44.5407 31.75 3.1
      vertex -43.75 32.1029 3.1
      vertex -44.4609 31.7714 3.1
    endloop
  endfacet
  facet normal -0 0 -1
    outer loop
      vertex -43.75 32.1029 3.1
      vertex -44.5407 31.75 3.1
      vertex -42.2429 33.55 3.1
    endloop
  endfacet
  facet normal 0 0 -1
    outer loop
      vertex -47.4593 31.75 3.1
      vertex -42.2429 33.55 3.1
      vertex -44.5407 31.75 3.1
    endloop
  endfacet
  facet normal 0 0 -1
    outer loop
      vertex -48.25 32.1029 3.1
      vertex -47.4593 31.75 3.1
      vertex -47.5391 31.7714 3.1
    endloop
  endfacet
  facet normal 0 0 -1
    outer loop
      vertex -47.4593 31.75 3.1
      vertex -48.25 32.1029 3.1
      vertex -42.2429 33.55 3.1
    endloop
  endfacet
  facet normal 0 0 -1
    outer loop
      vertex -48.8925 32.5528 3.1
      vertex -42.2429 33.55 3.1
      vertex -48.25 32.1029 3.1
    endloop
  endfacet
  facet normal 0 0 -1
    outer loop
      vertex -49.7571 33.55 3.1
      vertex -48.8925 32.5528 3.1
      vertex -49.4472 33.1075 3.1
    endloop
  endfacet
  facet normal 0 0 -1
    outer loop
      vertex -48.8925 32.5528 3.1
      vertex -49.7571 33.55 3.1
      vertex -42.2429 33.55 3.1
    endloop
  endfacet
  facet normal -1 0 0
    outer loop
      vertex -44.4 40.2002 0
      vertex -44.4 44 2.2
      vertex -44.4 44 0
    endloop
  endfacet
  facet normal -1 -0 0
    outer loop
      vertex -44.4 44 2.2
      vertex -44.4 40.2002 0
      vertex -44.4 40.2002 2.2
    endloop
  endfacet
  facet normal 1 -0 0
    outer loop
      vertex -47.6 40.2002 2.2
      vertex -47.6 44 0
      vertex -47.6 44 2.2
    endloop
  endfacet
  facet normal 1 0 0
    outer loop
      vertex -47.6 44 0
      vertex -47.6 40.2002 2.2
      vertex -47.6 40.2002 0
    endloop
  endfacet
  facet normal 0 -1 0
    outer loop
      vertex -47.6 44 0
      vertex -44.4 44 2.2
      vertex -47.6 44 2.2
    endloop
  endfacet
  facet normal 0 -1 -0
    outer loop
      vertex -44.4 44 2.2
      vertex -47.6 44 0
      vertex -44.4 44 0
    endloop
  endfacet
  facet normal -0.0872017 0.996191 0
    outer loop
      vertex 46.7814 31.5684 0
      vertex 46 31.5 2.2
      vertex 46.7814 31.5684 2.2
    endloop
  endfacet
  facet normal -0.0872017 0.996191 0
    outer loop
      vertex 46 31.5 2.2
      vertex 46.7814 31.5684 0
      vertex 46 31.5 0
    endloop
  endfacet
  facet normal -0.965934 -0.258789 0
    outer loop
      vertex 50.4316 36.7814 0
      vertex 50.2286 37.5391 2.2
      vertex 50.2286 37.5391 0
    endloop
  endfacet
  facet normal -0.965934 -0.258789 0
    outer loop
      vertex 50.2286 37.5391 2.2
      vertex 50.4316 36.7814 0
      vertex 50.4316 36.7814 2.2
    endloop
  endfacet
  facet normal -0.996191 -0.0872017 0
    outer loop
      vertex 50.5 36 0
      vertex 50.4316 36.7814 2.2
      vertex 50.4316 36.7814 0
    endloop
  endfacet
  facet normal -0.996191 -0.0872017 0
    outer loop
      vertex 50.4316 36.7814 2.2
      vertex 50.5 36 0
      vertex 50.5 36 2.2
    endloop
  endfacet
  facet normal -0.906307 -0.42262 0
    outer loop
      vertex 50.2286 37.5391 0
      vertex 49.8971 38.25 2.2
      vertex 49.8971 38.25 0
    endloop
  endfacet
  facet normal -0.906307 -0.42262 0
    outer loop
      vertex 49.8971 38.25 2.2
      vertex 50.2286 37.5391 0
      vertex 50.2286 37.5391 2.2
    endloop
  endfacet
  facet normal 0.422618 -0.906308 0
    outer loop
      vertex 43.75 39.8971 0
      vertex 44.4 40.2002 2.2
      vertex 43.75 39.8971 2.2
    endloop
  endfacet
  facet normal 0.422618 -0.906308 0
    outer loop
      vertex 44.4 40.2002 2.2
      vertex 43.75 39.8971 0
      vertex 44.4 40.2002 0
    endloop
  endfacet
  facet normal 0.573591 -0.819142 0
    outer loop
      vertex 43.1075 39.4472 0
      vertex 43.75 39.8971 2.2
      vertex 43.1075 39.4472 2.2
    endloop
  endfacet
  facet normal 0.573591 -0.819142 0
    outer loop
      vertex 43.75 39.8971 2.2
      vertex 43.1075 39.4472 0
      vertex 43.75 39.8971 0
    endloop
  endfacet
  facet normal 0.42262 0.906307 -0
    outer loop
      vertex 44.4609 31.7714 0
      vertex 43.75 32.1029 2.2
      vertex 44.4609 31.7714 2.2
    endloop
  endfacet
  facet normal 0.42262 0.906307 0
    outer loop
      vertex 43.75 32.1029 2.2
      vertex 44.4609 31.7714 0
      vertex 43.75 32.1029 0
    endloop
  endfacet
  facet normal -0.258789 0.965934 0
    outer loop
      vertex 47.5391 31.7714 0
      vertex 46.7814 31.5684 2.2
      vertex 47.5391 31.7714 2.2
    endloop
  endfacet
  facet normal -0.258789 0.965934 0
    outer loop
      vertex 46.7814 31.5684 2.2
      vertex 47.5391 31.7714 0
      vertex 46.7814 31.5684 0
    endloop
  endfacet
  facet normal -0.573591 -0.819142 0
    outer loop
      vertex 48.25 39.8971 0
      vertex 48.8925 39.4472 2.2
      vertex 48.25 39.8971 2.2
    endloop
  endfacet
  facet normal -0.573591 -0.819142 -0
    outer loop
      vertex 48.8925 39.4472 2.2
      vertex 48.25 39.8971 0
      vertex 48.8925 39.4472 0
    endloop
  endfacet
  facet normal 0.965934 -0.258789 0
    outer loop
      vertex 41.5684 36.7814 2.2
      vertex 41.7714 37.5391 0
      vertex 41.7714 37.5391 2.2
    endloop
  endfacet
  facet normal 0.965934 -0.258789 0
    outer loop
      vertex 41.7714 37.5391 0
      vertex 41.5684 36.7814 2.2
      vertex 41.5684 36.7814 0
    endloop
  endfacet
  facet normal 0.965934 0.258789 0
    outer loop
      vertex 41.7714 34.4609 2.2
      vertex 41.5684 35.2186 0
      vertex 41.5684 35.2186 2.2
    endloop
  endfacet
  facet normal 0.965934 0.258789 0
    outer loop
      vertex 41.5684 35.2186 0
      vertex 41.7714 34.4609 2.2
      vertex 41.7714 34.4609 0
    endloop
  endfacet
  facet normal -0.819142 0.573591 0
    outer loop
      vertex 49.4472 33.1075 0
      vertex 49.8971 33.75 2.2
      vertex 49.8971 33.75 0
    endloop
  endfacet
  facet normal -0.819142 0.573591 0
    outer loop
      vertex 49.8971 33.75 2.2
      vertex 49.4472 33.1075 0
      vertex 49.4472 33.1075 2.2
    endloop
  endfacet
  facet normal -0.422618 -0.906308 0
    outer loop
      vertex 47.6 40.2002 0
      vertex 48.25 39.8971 2.2
      vertex 47.6 40.2002 2.2
    endloop
  endfacet
  facet normal -0.422618 -0.906308 -0
    outer loop
      vertex 48.25 39.8971 2.2
      vertex 47.6 40.2002 0
      vertex 48.25 39.8971 0
    endloop
  endfacet
  facet normal 0.258789 0.965934 -0
    outer loop
      vertex 45.2186 31.5684 0
      vertex 44.4609 31.7714 2.2
      vertex 45.2186 31.5684 2.2
    endloop
  endfacet
  facet normal 0.258789 0.965934 0
    outer loop
      vertex 44.4609 31.7714 2.2
      vertex 45.2186 31.5684 0
      vertex 44.4609 31.7714 0
    endloop
  endfacet
  facet normal 0.996191 0.0872017 0
    outer loop
      vertex 41.5684 35.2186 2.2
      vertex 41.5 36 0
      vertex 41.5 36 2.2
    endloop
  endfacet
  facet normal 0.996191 0.0872017 0
    outer loop
      vertex 41.5 36 0
      vertex 41.5684 35.2186 2.2
      vertex 41.5684 35.2186 0
    endloop
  endfacet
  facet normal -0.965934 0.258789 0
    outer loop
      vertex 50.2286 34.4609 0
      vertex 50.4316 35.2186 2.2
      vertex 50.4316 35.2186 0
    endloop
  endfacet
  facet normal -0.965934 0.258789 0
    outer loop
      vertex 50.4316 35.2186 2.2
      vertex 50.2286 34.4609 0
      vertex 50.2286 34.4609 2.2
    endloop
  endfacet
  facet normal -0.707107 -0.707107 0
    outer loop
      vertex 49.4472 38.8925 0
      vertex 48.8925 39.4472 2.2
      vertex 48.8925 39.4472 0
    endloop
  endfacet
  facet normal -0.707107 -0.707107 0
    outer loop
      vertex 48.8925 39.4472 2.2
      vertex 49.4472 38.8925 0
      vertex 49.4472 38.8925 2.2
    endloop
  endfacet
  facet normal 0.707107 0.707107 0
    outer loop
      vertex 43.1075 32.5528 2.2
      vertex 42.5528 33.1075 0
      vertex 42.5528 33.1075 2.2
    endloop
  endfacet
  facet normal 0.707107 0.707107 0
    outer loop
      vertex 42.5528 33.1075 0
      vertex 43.1075 32.5528 2.2
      vertex 43.1075 32.5528 0
    endloop
  endfacet
  facet normal -0.707107 0.707107 0
    outer loop
      vertex 48.8925 32.5528 0
      vertex 49.4472 33.1075 2.2
      vertex 49.4472 33.1075 0
    endloop
  endfacet
  facet normal -0.707107 0.707107 0
    outer loop
      vertex 49.4472 33.1075 2.2
      vertex 48.8925 32.5528 0
      vertex 48.8925 32.5528 2.2
    endloop
  endfacet
  facet normal -0.819142 -0.573591 0
    outer loop
      vertex 49.8971 38.25 0
      vertex 49.4472 38.8925 2.2
      vertex 49.4472 38.8925 0
    endloop
  endfacet
  facet normal -0.819142 -0.573591 0
    outer loop
      vertex 49.4472 38.8925 2.2
      vertex 49.8971 38.25 0
      vertex 49.8971 38.25 2.2
    endloop
  endfacet
  facet normal 0.996191 -0.0872017 0
    outer loop
      vertex 41.5 36 2.2
      vertex 41.5684 36.7814 0
      vertex 41.5684 36.7814 2.2
    endloop
  endfacet
  facet normal 0.996191 -0.0872017 0
    outer loop
      vertex 41.5684 36.7814 0
      vertex 41.5 36 2.2
      vertex 41.5 36 0
    endloop
  endfacet
  facet normal -0.996191 0.0872017 0
    outer loop
      vertex 50.4316 35.2186 0
      vertex 50.5 36 2.2
      vertex 50.5 36 0
    endloop
  endfacet
  facet normal -0.996191 0.0872017 0
    outer loop
      vertex 50.5 36 2.2
      vertex 50.4316 35.2186 0
      vertex 50.4316 35.2186 2.2
    endloop
  endfacet
  facet normal 0.573591 0.819142 -0
    outer loop
      vertex 43.75 32.1029 0
      vertex 43.1075 32.5528 2.2
      vertex 43.75 32.1029 2.2
    endloop
  endfacet
  facet normal 0.573591 0.819142 0
    outer loop
      vertex 43.1075 32.5528 2.2
      vertex 43.75 32.1029 0
      vertex 43.1075 32.5528 0
    endloop
  endfacet
  facet normal -0.906307 0.42262 0
    outer loop
      vertex 49.8971 33.75 0
      vertex 50.2286 34.4609 2.2
      vertex 50.2286 34.4609 0
    endloop
  endfacet
  facet normal -0.906307 0.42262 0
    outer loop
      vertex 50.2286 34.4609 2.2
      vertex 49.8971 33.75 0
      vertex 49.8971 33.75 2.2
    endloop
  endfacet
  facet normal -0.573591 0.819142 0
    outer loop
      vertex 48.8925 32.5528 0
      vertex 48.25 32.1029 2.2
      vertex 48.8925 32.5528 2.2
    endloop
  endfacet
  facet normal -0.573591 0.819142 0
    outer loop
      vertex 48.25 32.1029 2.2
      vertex 48.8925 32.5528 0
      vertex 48.25 32.1029 0
    endloop
  endfacet
  facet normal 0.906307 0.42262 0
    outer loop
      vertex 42.1029 33.75 2.2
      vertex 41.7714 34.4609 0
      vertex 41.7714 34.4609 2.2
    endloop
  endfacet
  facet normal 0.906307 0.42262 0
    outer loop
      vertex 41.7714 34.4609 0
      vertex 42.1029 33.75 2.2
      vertex 42.1029 33.75 0
    endloop
  endfacet
  facet normal 0.819142 0.573591 0
    outer loop
      vertex 42.5528 33.1075 2.2
      vertex 42.1029 33.75 0
      vertex 42.1029 33.75 2.2
    endloop
  endfacet
  facet normal 0.819142 0.573591 0
    outer loop
      vertex 42.1029 33.75 0
      vertex 42.5528 33.1075 2.2
      vertex 42.5528 33.1075 0
    endloop
  endfacet
  facet normal 0.707107 -0.707107 0
    outer loop
      vertex 42.5528 38.8925 2.2
      vertex 43.1075 39.4472 0
      vertex 43.1075 39.4472 2.2
    endloop
  endfacet
  facet normal 0.707107 -0.707107 0
    outer loop
      vertex 43.1075 39.4472 0
      vertex 42.5528 38.8925 2.2
      vertex 42.5528 38.8925 0
    endloop
  endfacet
  facet normal -0.42262 0.906307 0
    outer loop
      vertex 48.25 32.1029 0
      vertex 47.5391 31.7714 2.2
      vertex 48.25 32.1029 2.2
    endloop
  endfacet
  facet normal -0.42262 0.906307 0
    outer loop
      vertex 47.5391 31.7714 2.2
      vertex 48.25 32.1029 0
      vertex 47.5391 31.7714 0
    endloop
  endfacet
  facet normal 0.0872017 0.996191 -0
    outer loop
      vertex 46 31.5 0
      vertex 45.2186 31.5684 2.2
      vertex 46 31.5 2.2
    endloop
  endfacet
  facet normal 0.0872017 0.996191 0
    outer loop
      vertex 45.2186 31.5684 2.2
      vertex 46 31.5 0
      vertex 45.2186 31.5684 0
    endloop
  endfacet
  facet normal 0.906307 -0.42262 0
    outer loop
      vertex 41.7714 37.5391 2.2
      vertex 42.1029 38.25 0
      vertex 42.1029 38.25 2.2
    endloop
  endfacet
  facet normal 0.906307 -0.42262 0
    outer loop
      vertex 42.1029 38.25 0
      vertex 41.7714 37.5391 2.2
      vertex 41.7714 37.5391 0
    endloop
  endfacet
  facet normal 0.819142 -0.573591 0
    outer loop
      vertex 42.1029 38.25 2.2
      vertex 42.5528 38.8925 0
      vertex 42.5528 38.8925 2.2
    endloop
  endfacet
  facet normal 0.819142 -0.573591 0
    outer loop
      vertex 42.5528 38.8925 0
      vertex 42.1029 38.25 2.2
      vertex 42.1029 38.25 0
    endloop
  endfacet
  facet normal -1 0 0
    outer loop
      vertex 47.6 40.2002 0
      vertex 47.6 44 2.2
      vertex 47.6 44 0
    endloop
  endfacet
  facet normal -1 -0 0
    outer loop
      vertex 47.6 44 2.2
      vertex 47.6 40.2002 0
      vertex 47.6 40.2002 2.2
    endloop
  endfacet
  facet normal 1 -0 0
    outer loop
      vertex 44.4 40.2002 2.2
      vertex 44.4 44 0
      vertex 44.4 44 2.2
    endloop
  endfacet
  facet normal 1 0 0
    outer loop
      vertex 44.4 44 0
      vertex 44.4 40.2002 2.2
      vertex 44.4 40.2002 0
    endloop
  endfacet
  facet normal 0 -1 0
    outer loop
      vertex 44.4 44 0
      vertex 47.6 44 2.2
      vertex 44.4 44 2.2
    endloop
  endfacet
  facet normal 0 -1 -0
    outer loop
      vertex 47.6 44 2.2
      vertex 44.4 44 0
      vertex 47.6 44 0
    endloop
  endfacet
  facet normal -1 0 0
    outer loop
      vertex 82.6 -49.96 18.07
      vertex 82.6 49.96 19.27
      vertex 82.6 49.96 18.07
    endloop
  endfacet
  facet normal -1 -0 0
    outer loop
      vertex 82.6 49.96 19.27
      vertex 82.6 -49.96 18.07
      vertex 82.6 -49.96 19.27
    endloop
  endfacet
  facet normal 1 -0 0
    outer loop
      vertex -82.6 -49.96 19.27
      vertex -82.6 49.96 18.07
      vertex -82.6 49.96 19.27
    endloop
  endfacet
  facet normal 1 0 0
    outer loop
      vertex -82.6 49.96 18.07
      vertex -82.6 -49.96 19.27
      vertex -82.6 -49.96 18.07
    endloop
  endfacet
  facet normal 0 -1 0
    outer loop
      vertex -82.6 49.96 18.07
      vertex 82.6 49.96 19.27
      vertex -82.6 49.96 19.27
    endloop
  endfacet
  facet normal 0 -1 -0
    outer loop
      vertex 82.6 49.96 19.27
      vertex -82.6 49.96 18.07
      vertex 82.6 49.96 18.07
    endloop
  endfacet
  facet normal 0 1 -0
    outer loop
      vertex 82.6 -49.96 18.07
      vertex -82.6 -49.96 19.27
      vertex 82.6 -49.96 19.27
    endloop
  endfacet
  facet normal 0 1 0
    outer loop
      vertex -82.6 -49.96 19.27
      vertex 82.6 -49.96 18.07
      vertex -82.6 -49.96 18.07
    endloop
  endfacet
endsolid OpenSCAD_Model
